week5_electrochemical_rank,material_id,formula,original_rank,original_overall_score,original_screening_status,mp_electrode_record_count,database_match_type,electrochemical_rating,electrochemical_score,electrochemical_score_raw,electrochemical_data_completeness,battery_type,battery_formula,electrode_material_ids,framework,framework_formula,formula_charge,formula_discharge,charged_material_id,discharged_material_id,average_voltage_V,capacity_grav_mAh_g,capacity_vol_mAh_cc,energy_grav_Wh_kg,energy_vol_Wh_L,li_fraction_charge,li_fraction_discharge,li_fraction_change,num_voltage_steps,max_voltage_step_V,max_volume_change_percent,stability_charge_eV_atom,stability_discharge_eV_atom,voltage_score,capacity_score,energy_score,volume_change_score,stability_score,voltage_steps_score,normalized_formula,reference_chemistry,benchmark_category,score_minus_reference_median
1,mp-1203394,Li2MnP2O7,43,,PROMISING,16,FORMULA_FAMILY_MATCH,HIGH_PRIORITY,99.99999999999996,99.99999999999996,1.0,insertion,Li0-2MnP2O7,mp-aaaabnog;mp-aaabnpgu,"{'Mn': 1.0, 'P': 2.0, 'O': 7.0}",MnP2O7,MnP2O7,Li2MnP2O7,mp-aaaabnog,mp-aaabnpgu,4.027959809583334,220.80333829412203,637.0904521253351,889.3869724705562,2566.174736230125,0.0,0.166666666666666,0.166666666666666,1.0,0.0,0.117710345454079,0.008051348249999,0.020348981874972,100.0,100.0,100.0,100.0,100.0,100.0,Li2MnP2O7,,ABOVE_REFERENCE_RANGE,4.494042372344197
2,mp-31924,LiMnP2O7,67,,PROMISING,22,FORMULA_FAMILY_MATCH,HIGH_PRIORITY,99.49999999999996,99.49999999999996,1.0,insertion,Li0-2MnP2O7,mp-aaabetlg;mp-aaabetlf;mp-aaabeswn;mp-aaabetdv,"{'Mn': 1.0, 'P': 2.0, 'O': 7.0}",MnP2O7,MnP2O7,Li2MnP2O7,mp-aaabetlg,mp-aaabetdv,4.026647520833333,220.80333829412203,624.6711396691062,889.0972147337503,2515.33049588474,0.0,0.166666666666666,0.166666666666666,2.0,0.313122260000014,0.121519687835453,0.009338634249999,0.021640434999972,100.0,100.0,100.0,100.0,100.0,90.0,LiMnP2O7,,ABOVE_REFERENCE_MEDIAN,3.9940423723441967
3,mp-22526,LiCoO2,266,,PROMISING,7,FORMULA_FAMILY_MATCH,HIGH_PRIORITY,99.49999999999996,99.49999999999996,1.0,insertion,Li0-1CoO2,mp-aaaablio;mp-aaacutfj;mp-aaabmjqa;mp-aaacuztp;mp-aaacvkqx;mp-aaabskik;mp-aaachmvf;mp-aaabqvjn;mp-aaacveib;mp-aaacsdyy;mp-aaacvdci;mp-aaacumjq;mp-aaabfkps;mp-aaacsiar;mp-aaabrecp;mp-aaacweno;mp-aaacvxce;mp-aaacwrfv;mp-aaacwdyx;mp-aaachmvc;mp-aaacwehp;mp-aaacwcvx;mp-aaabwkpk;mp-aaaabhik,"{'Co': 1.0, 'O': 2.0}",CoO2,CoO2,LiCoO2,mp-aaaablio,mp-aaaabhik,3.789750783333332,273.8393889485439,1348.509465672717,1037.7830387752654,5110.5148038655925,0.0,0.25,0.25,2.0,0.456347490000005,0.036374980271649,0.00813656,0.0,100.0,100.0,100.0,100.0,100.0,90.0,LiCoO2,LCO,REFERENCE_CHEMISTRY,3.9940423723441967
4,mp-1177382,Li4MnCo5O12,279,,PROMISING,1,FORMULA_FAMILY_MATCH,HIGH_PRIORITY,98.82917138229767,98.82917138229767,1.0,insertion,Li0-4MnCo5O12,mp-aaabqzui;mp-aaacozry,"{'Mn': 1.0, 'Co': 5.0, 'O': 12.0}",MnCo5O12,MnCo5O12,Li4MnCo5O12,mp-aaabqzui,mp-aaacozry,4.214901258333339,188.29171382297707,827.8166685368113,793.630981526207,3489.165517885119,0.0,0.181818181818181,0.181818181818181,1.0,0.0,0.07944834538294,0.020779569583334,0.0,100.0,94.14585691148854,100.0,100.0,100.0,100.0,Li4MnCo5O12,,ABOVE_REFERENCE_MEDIAN,3.3232137546419125
5,mp-18997,LiMnPO4,55,,PROMISING,25,FORMULA_FAMILY_MATCH,HIGH_PRIORITY,97.51308163571537,97.51308163571537,1.0,insertion,Li0-2MnPO4F,mp-aaabxacc;mp-aaabrfvz;mp-aaabrfvs;mp-aaabrfgb;mp-aaabrfwm;mp-aaabrxxe,"{'Mn': 1.0, 'P': 1.0, 'O': 4.0, 'F': 1.0}",MnPO4F,MnPO4F,Li2MnPO4F,mp-aaabxacc,mp-aaabrxxe,4.12730612708333,293.2491818448629,916.449799263318,1210.3291449904764,3782.4688716637806,0.0,0.222222222222222,0.222222222222222,3.0,0.686064728749997,0.109954364159522,0.035307653035705,0.029435256527779,100.0,100.0,100.0,100.0,93.815408178577,75.0,LiMnPO4,LMP,REFERENCE_CHEMISTRY,2.0071240080596056
6,mp-25410,LiMnPO4F,58,,PROMISING,4,FORMULA_FAMILY_MATCH,HIGH_PRIORITY,97.51308163571537,97.51308163571537,1.0,insertion,Li0-2MnPO4F,mp-aaabxacc;mp-aaabrfvz;mp-aaabrfvs;mp-aaabrfgb;mp-aaabrfwm;mp-aaabrxxe,"{'Mn': 1.0, 'P': 1.0, 'O': 4.0, 'F': 1.0}",MnPO4F,MnPO4F,Li2MnPO4F,mp-aaabxacc,mp-aaabrxxe,4.12730612708333,293.2491818448629,916.449799263318,1210.3291449904764,3782.4688716637806,0.0,0.222222222222222,0.222222222222222,3.0,0.686064728749997,0.109954364159522,0.035307653035705,0.029435256527779,100.0,100.0,100.0,100.0,93.815408178577,75.0,LiMnPO4F,,ABOVE_REFERENCE_MEDIAN,2.0071240080596056
7,mp-19340,LiVO2,82,,PROMISING,12,FORMULA_FAMILY_MATCH,HIGH_PRIORITY,97.0618181200008,97.0618181200008,1.0,insertion,Li0-1VO2F,mp-aaabqvyc;mp-aaabqvje,"{'V': 1.0, 'O': 2.0, 'F': 1.0}",VO2F,VO2F,LiVO2F,mp-aaabqvyc,mp-aaabqvje,3.682245778333336,246.15681672214453,740.0753518144937,906.4098991830896,2725.139339867478,0.0,0.2,0.2,1.0,0.0,0.002766866225131,0.005366479791664,0.049484848999993,100.0,100.0,100.0,100.0,85.3090906000042,100.0,LiVO2,,ABOVE_REFERENCE_MEDIAN,1.5558604923450332
8,mp-758022,LiCoPO4,99,,PROMISING,22,FORMULA_FAMILY_MATCH,HIGH_PRIORITY,96.66286694220832,96.66286694220832,1.0,insertion,Li0-1CoPO4,mp-aaabxasc;mp-aaabrpvf;mp-aaabrdfk,"{'Co': 1.0, 'P': 1.0, 'O': 4.0}",CoPO4,CoPO4,LiCoPO4,mp-aaabxasc,mp-aaabrdfk,4.257700939583334,166.6286694220835,513.1947057286051,709.4550423599258,2185.029580769875,0.0,0.142857142857142,0.142857142857142,1.0,0.0,0.07038666376667,0.000564491041666,0.004493792857142,100.0,83.31433471104175,100.0,100.0,100.0,100.0,LiCoPO4,LCP,REFERENCE_CHEMISTRY,1.1569093145525642
9,mp-19294,LiFeP2O7,75,,PROMISING,21,FORMULA_FAMILY_MATCH,HIGH_PRIORITY,96.56324408999922,96.56324408999922,1.0,insertion,Li0-2FeP2O7,mp-aaabrpea;mp-aaabrpiu;mp-aaabrcnx,"{'Fe': 1.0, 'P': 2.0, 'O': 7.0}",FeP2O7,FeP2O7,Li2FeP2O7,mp-aaabrpea,mp-aaabrcnx,3.932408963333327,219.98149553380887,645.1336382152299,865.0572048046206,2536.92930146541,0.0,0.166666666666666,0.166666666666666,2.0,1.46751672500001,0.045074100929097,0.049472965916673,0.034462551180553,100.0,100.0,100.0,100.0,85.3162204499962,90.0,LiFeP2O7,,ABOVE_REFERENCE_MEDIAN,1.0572864623434555
10,mp-754656,LiMnO2,134,,PROMISING,15,FORMULA_FAMILY_MATCH,HIGH_PRIORITY,96.1857208966666,96.1857208966666,1.0,insertion,Li0-1MnO2,mp-aaaablpw;mp-aaabthqj;mp-aaabrekv;mp-aaabrupy;mp-aaabqxpa;mp-aaabrdso;mp-aaachmrx;mp-aaabqyjg;mp-aaaablnx,"{'Mn': 1.0, 'O': 2.0}",MnO2,MnO2,LiMnO2,mp-aaaablpw,mp-aaabqyjg,3.263265778333331,285.49314425958426,1153.082326352794,931.6400076110824,3762.81409518806,0.0,0.25,0.25,2.0,0.263632860000001,0.249957871725363,0.013758580833332,0.0,83.42860448333319,100.0,100.0,100.0,100.0,90.0,LiMnO2,,ABOVE_REFERENCE_MEDIAN,0.6797632690108344
11,mp-850951,Li3MnV(P2O7)2,37,,PROMISING,1,FORMULA_FAMILY_MATCH,HIGH_PRIORITY,95.27619008312632,95.27619008312632,1.0,insertion,Li0-3MnV(P2O7)2,mp-aaabsbax;mp-aaabrfdg;mp-aaabrmwk;mp-aaabrmxd;mp-aaabrici;mp-aaabrmxk;mp-aaacoyol;mp-aaabrmxg;mp-aaacoypu;mp-aaabrnco;mp-aaabwkul;mp-aaabwkux,"{'Mn': 1.0, 'V': 1.0, 'P': 4.0, 'O': 14.0}",MnV(P2O7)2,MnV(P2O7)2,Li3MnV(P2O7)2,mp-aaabsbax,mp-aaabwkux,4.033616751666665,169.41903570925112,470.9736895784279,683.3714604880482,1899.7273638778029,0.0,0.130434782608695,0.130434782608695,3.0,0.657051365000029,0.071997385774961,0.009545055541681,0.0,100.0,84.70951785462556,97.92143256100604,100.0,100.0,75.0,Li3MnV(P2O7)2,,BELOW_REFERENCE_MEDIAN,-0.22976754452943737
12,mp-850939,Li2MnV(P2O7)2,46,,PROMISING,1,FORMULA_FAMILY_MATCH,HIGH_PRIORITY,95.27619008312632,95.27619008312632,1.0,insertion,Li0-3MnV(P2O7)2,mp-aaabsbax;mp-aaabrfdg;mp-aaabrmwk;mp-aaabrmxd;mp-aaabrici;mp-aaabrmxk;mp-aaacoyol;mp-aaabrmxg;mp-aaacoypu;mp-aaabrnco;mp-aaabwkul;mp-aaabwkux,"{'Mn': 1.0, 'V': 1.0, 'P': 4.0, 'O': 14.0}",MnV(P2O7)2,MnV(P2O7)2,Li3MnV(P2O7)2,mp-aaabsbax,mp-aaabwkux,4.033616751666665,169.41903570925112,470.9736895784279,683.3714604880482,1899.7273638778029,0.0,0.130434782608695,0.130434782608695,3.0,0.657051365000029,0.071997385774961,0.009545055541681,0.0,100.0,84.70951785462556,97.92143256100604,100.0,100.0,75.0,Li2MnV(P2O7)2,,BELOW_REFERENCE_MEDIAN,-0.22976754452943737
13,mp-759232,LiMnV(P2O7)2,64,,PROMISING,1,FORMULA_FAMILY_MATCH,HIGH_PRIORITY,95.27619008312632,95.27619008312632,1.0,insertion,Li0-3MnV(P2O7)2,mp-aaabsbax;mp-aaabrfdg;mp-aaabrmwk;mp-aaabrmxd;mp-aaabrici;mp-aaabrmxk;mp-aaacoyol;mp-aaabrmxg;mp-aaacoypu;mp-aaabrnco;mp-aaabwkul;mp-aaabwkux,"{'Mn': 1.0, 'V': 1.0, 'P': 4.0, 'O': 14.0}",MnV(P2O7)2,MnV(P2O7)2,Li3MnV(P2O7)2,mp-aaabsbax,mp-aaabwkux,4.033616751666665,169.41903570925112,470.9736895784279,683.3714604880482,1899.7273638778029,0.0,0.130434782608695,0.130434782608695,3.0,0.657051365000029,0.071997385774961,0.009545055541681,0.0,100.0,84.70951785462556,97.92143256100604,100.0,100.0,75.0,LiMnV(P2O7)2,,BELOW_REFERENCE_MEDIAN,-0.22976754452943737
14,mp-25448,LiCrPO4F,27,,PROMISING,3,FORMULA_FAMILY_MATCH,HIGH_PRIORITY,94.71060048238104,94.71060048238104,1.0,insertion,Li0-2CrPO4F,mp-aaabqyzj;mp-aaaablqu;mp-aaabrfgg;mp-aaaablop;mp-aaacotep;mp-aaabqvnb,"{'Cr': 1.0, 'P': 1.0, 'O': 4.0, 'F': 1.0}",CrPO4F,CrPO4F,Li2CrPO4F,mp-aaabqyzj,mp-aaaablop,3.376453978333335,298.0461415603602,881.2607797091555,1006.3390803983784,2975.536465598115,0.0,0.222222222222222,0.222222222222222,3.0,2.810756439999991,0.186188185050811,0.044247960119047,0.040913482430544,91.35177848333343,100.0,100.0,100.0,88.4512239285718,75.0,LiCrPO4F,,BELOW_REFERENCE_MEDIAN,-0.7953571452747212
15,mp-2348641,LiNiO2,395,,PROMISING,10,FORMULA_FAMILY_MATCH,HIGH_PRIORITY,94.34904831310318,94.34904831310318,1.0,insertion,Li0.33-1NiO2,mp-aaacroxp;mp-aaafdqij;mp-aaabxhmd,"{'Ni': 1.0, 'O': 2.0}",NiO2,Li(NiO2)3,LiNiO2,mp-aaacroxp,mp-aaafdqij,3.7760492383333353,183.00797369039697,848.3244868228225,691.0471196625506,3203.3150323268364,0.1,0.25,0.15,1.0,0.0,0.01982684424182,0.056066058729169,0.0,100.0,91.50398684519848,98.88088995781882,100.0,81.3603647624986,100.0,LiNiO2,LNO,REFERENCE_CHEMISTRY,-1.1569093145525784
16,mp-19017,LiFePO4,85,,PROMISING,21,FORMULA_FAMILY_MATCH,HIGH_PRIORITY,94.33933125388346,94.33933125388346,1.0,insertion,Li0-1FePO4,mp-aaaabedd;mp-aaaexdrd;mp-aaabjzyi;mp-aaaabcdl,"{'Fe': 1.0, 'P': 1.0, 'O': 4.0}",FePO4,FePO4,LiFePO4,mp-aaaabedd,mp-aaaabcdl,3.499170160833334,169.89052558677983,589.6723353614005,594.4758577415521,2063.36384056552,0.0,0.142857142857142,0.142857142857142,1.0,0.0,0.064445117027244,0.024104718749999,0.0,99.9419112583334,84.94526279338992,86.80948221769401,100.0,100.0,100.0,LiFePO4,LFP,REFERENCE_CHEMISTRY,-1.1666263737723028
17,mp-780606,Li3Cr2(PO4)3,44,,PROMISING,7,FORMULA_FAMILY_MATCH,HIGH_PRIORITY,94.20403971764672,94.20403971764672,1.0,insertion,Li0-4Cr2(PO4)3,mp-aaabcrzv;mp-aaaabnfg;mp-aaaabmnu;mp-aaaabmpc;mp-aaabrpzn;mp-aaaabmnt;mp-aaaabmpb;mp-aaabsdir;mp-aaabrgkq,"{'Cr': 2.0, 'P': 3.0, 'O': 12.0}",Cr2(PO4)3,Cr2(PO4)3,Li4Cr2(PO4)3,mp-aaabcrzv,mp-aaabrgkq,3.889024805208333,257.29198405440303,733.9707831085583,1000.6149081688404,2854.430581807369,0.0,0.19047619047619,0.19047619047619,3.0,2.925081641249974,0.142388794338991,0.062883002352944,0.042042688690488,100.0,100.0,100.0,100.0,77.2701985882336,75.0,Li3Cr2(PO4)3,,BELOW_REFERENCE_MEDIAN,-1.3019179100090383
18,mp-1177781,Li2VFe(P2O7)2,57,,PROMISING,1,FORMULA_FAMILY_MATCH,HIGH_PRIORITY,94.05896013981086,94.05896013981086,1.0,insertion,Li0-3VFe(P2O7)2,mp-aaabrrru;mp-aaabqvdy;mp-aaabrfzw;mp-aaacsiep;mp-aaabrgdb;mp-aaacshgs;mp-aaabrpcv;mp-aaabrfxp;mp-aaacoylv;mp-aaacshjj;mp-aaacpahh;mp-aaacozwy,"{'V': 1.0, 'Fe': 1.0, 'P': 4.0, 'O': 14.0}",VFe(P2O7)2,VFe(P2O7)2,Li3VFe(P2O7)2,mp-aaabrrru,mp-aaacozwy,3.761030858333332,169.09588810400138,476.4939383316091,635.9748531764294,1792.1084058739618,0.0,0.130434782608695,0.130434782608695,3.0,0.94992400000001,0.054003401912552,0.010630669541582,0.000288295833343,100.0,84.54794405200069,91.99685664705368,100.0,100.0,75.0,Li2VFe(P2O7)2,,BELOW_REFERENCE_MEDIAN,-1.4469974878448966
19,mp-1539853,LiV(OF)2,32,,PROMISING,3,FORMULA_FAMILY_MATCH,HIGH_PRIORITY,93.88258255030448,93.88258255030448,1.0,insertion,Li1-2V(OF)2,mp-aaabrokr;mp-aaabrhyb,"{'V': 1.0, 'O': 2.0, 'F': 2.0}",V(OF)2,LiV(OF)2,Li2V(OF)2,mp-aaabrokr,mp-aaabrhyb,3.743696788333336,198.79586700304583,589.9621742189586,744.2314488332438,2208.639496861668,0.166666666666666,0.285714285714285,0.1190476190476189,1.0,0.0,0.023688424994079,0.074975034583334,0.071730645357146,100.0,99.39793350152291,100.0,100.0,70.0149792499996,100.0,LiV(OF)2,,BELOW_REFERENCE_MEDIAN,-1.6233750773512838
20,mp-849522,Li8V3P8O29,30,,PROMISING,1,FORMULA_FAMILY_MATCH,HIGH_PRIORITY,93.66311749236176,93.66311749236176,1.0,insertion,Li3-9V3P8O29,mp-aaacozzq;mp-aaabrgln;mp-aaabrnrk;mp-aaabxdet;mp-aaabwitx;mp-aaabreul;mp-aaabrfwn;mp-aaabxdep;mp-aaabrhrw;mp-aaabrhuu;mp-aaabrgkr;mp-aaabrcoh;mp-aaabrcti;mp-aaabsksh;mp-aaabrojw;mp-aaabxdfo;mp-aaabrnqt;mp-aaacozwl;mp-aaabskzl;mp-aaabrhud;mp-aaabrgeh;mp-aaabwirb;mp-aaabrnrm;mp-aaabxdfp;mp-aaabrhto;mp-aaabrhtn;mp-aaabrdof;mp-aaabrhtr;mp-aaabodjm;mp-aaabxdfd;mp-aaabrfjw;mp-aaabrhsb;mp-aaabvhrj;mp-aaabrhuj;mp-aaabrfkk;mp-aaacpabq;mp-aaabrhsn;mp-aaabwzvs;mp-aaabxdfg;mp-aaabroeb;mp-aaabrcqo;mp-aaabrhsf;mp-aaabrcpm;mp-aaacpaag;mp-aaabxdfm;mp-aaabxdee;mp-aaabrhrn;mp-aaacozxm;mp-aaabrevv;mp-aaacozwb;mp-aaabrgsj;mp-aaabxdef;mp-aaabrnrl;mp-aaabroeq;mp-aaabxdfl;mp-aaabrmhg;mp-aaabrflt;mp-aaabrgjv;mp-aaabwjkg;mp-aaabrhsg;mp-aaabxdfq;mp-aaacpadg;mp-aaabrhti;mp-aaabvhre;mp-aaabrogt;mp-aaabrnqv;mp-aaabrojr;mp-aaabrcib;mp-aaabrctt;mp-aaacozxs;mp-aaabrohb;mp-aaabrfqd;mp-aaabrels;mp-aaabrgjx;mp-aaabxdex;mp-aaabrogr;mp-aaabrhsa;mp-aaacozya;mp-aaabrhtg;mp-aaabrdee;mp-aaabrftc;mp-aaabxdek;mp-aaabrdja;mp-aaabrcsb;mp-aaabrhth;mp-aaabrnqw;mp-aaacozwu;mp-aaabvhri;mp-aaacozyk;mp-aaabrhkk;mp-aaabrohm;mp-aaacozkn;mp-aaacozlj;mp-aaacozsq;mp-aaabrnqq;mp-aaacozly;mp-aaabwlgn;mp-aaacozlg;mp-aaabrexi;mp-aaabrnqr;mp-aaabskvc;mp-aaabrogh;mp-aaabrogi;mp-aaabwinr;mp-aaabwlgq;mp-aaabroho;mp-aaabwljq;mp-aaabrnrr;mp-aaabwlgh;mp-aaabrnqs;mp-aaabrdxm;mp-aaacozrz;mp-aaacozkh;mp-aaacozkz;mp-aaabrohq;mp-aaacozki;mp-aaabrouk;mp-aaacozmb;mp-aaacozom;mp-aaabwlgp;mp-aaabrdnp;mp-aaabrgrm;mp-aaacozlm;mp-aaabrgld;mp-aaabrofj;mp-aaacozqu;mp-aaacozln;mp-aaabrnru;mp-aaabrfse;mp-aaabwlbe;mp-aaabrohn;mp-aaacozli;mp-aaacozqd;mp-aaabwlgo;mp-aaabsdal;mp-aaacozkp;mp-aaabrfni;mp-aaabrgde;mp-aaacozpd;mp-aaacozkv;mp-aaacozlu;mp-aaacozsj;mp-aaabrohd;mp-aaabrogu;mp-aaabscsj;mp-aaabrogy;mp-aaacozks;mp-aaacozkw;mp-aaabrgte;mp-aaacozkq;mp-aaacozla;mp-aaabrglb;mp-aaacozlo;mp-aaabrgno;mp-aaabrfwz;mp-aaacozlk;mp-aaabrgpk;mp-aaacozpo;mp-aaacozsd;mp-aaabxdey;mp-aaacozlc;mp-aaabrojn;mp-aaabwjkf;mp-aaabrnst;mp-aaabwlbd;mp-aaabsafp;mp-aaabrnrt;mp-aaacozko;mp-aaacozlq;mp-aaabwjle;mp-aaacozky;mp-aaabrnsb;mp-aaacozlb;mp-aaacozld;mp-aaabsjec;mp-aaacozck;mp-aaabwknw;mp-aaabsjbn;mp-aaabrzvs;mp-aaacozkk;mp-aaabrnsv;mp-aaacozfn;mp-aaacozic;mp-aaabsada;mp-aaabsajc;mp-aaacozgf;mp-aaabrnwc;mp-aaabwjkj;mp-aaabrfsk;mp-aaacozfh;mp-aaabrnzz;mp-aaacozfv;mp-aaacozjt;mp-aaacozke;mp-aaabrfyr;mp-aaacozgt;mp-aaabrgnv;mp-aaabrzok;mp-aaacozig;mp-aaabrfhf;mp-aaabrhkt;mp-aaabrnzn;mp-aaacozff;mp-aaacozfq;mp-aaabrfxq;mp-aaabrnuh;mp-aaacozfs;mp-aaacozlp;mp-aaacozkf;mp-aaabrnwu;mp-aaabrnuk;mp-aaacozgu;mp-aaabrnue;mp-aaacozfa;mp-aaabrzpz;mp-aaacozfk;mp-aaabrfbb;mp-aaabrgdd;mp-aaabrzqy;mp-aaabrepc;mp-aaacozjp;mp-aaabrnyq;mp-aaabrnyr;mp-aaabrggo;mp-aaabwjkh;mp-aaabsaih;mp-aaabrggp;mp-aaabrzql;mp-aaabrnxb;mp-aaacozju;mp-aaabrgjn;mp-aaabsait;mp-aaabwlae;mp-aaabrnyt;mp-aaacozgv;mp-aaacozgq;mp-aaabrgeq;mp-aaacozmw;mp-aaabrzcj;mp-aaabsaff;mp-aaabreen;mp-aaacozgo;mp-aaabrgjs;mp-aaabrnum;mp-aaacozmu;mp-aaabrnwj;mp-aaabrnxe;mp-aaabrnui;mp-aaabrfpk;mp-aaacozgi;mp-aaabrgak;mp-aaacozfm;mp-aaacozft;mp-aaacozmk;mp-aaabsdak;mp-aaabsafg;mp-aaabrffu;mp-aaacozfj;mp-aaacozgb;mp-aaabrgnu;mp-aaacozev;mp-aaabryfr;mp-aaacozde;mp-aaabrydi;mp-aaabrglo;mp-aaacoyzs;mp-aaacozep;mp-aaacozfz;mp-aaabrydw;mp-aaacozaw;mp-aaabrcdt;mp-aaabrcph;mp-aaabrfxj;mp-aaabrcdp;mp-aaabsbjt;mp-aaabrzlj;mp-aaacoyzz;mp-aaabryof;mp-aaabrzbp;mp-aaabryei;mp-aaabrxtz;mp-aaacoyzq;mp-aaacozaj;mp-aaabsanc;mp-aaabryeq;mp-aaacozaq;mp-aaacozao;mp-aaacoyzo;mp-aaabrcts;mp-aaabrctr;mp-aaacozbc;mp-aaacoyzg;mp-aaacozaa;mp-aaacoyzk;mp-aaabrydl;mp-aaabrgon;mp-aaabrddi;mp-aaabryhw;mp-aaacozbf;mp-aaabrgle;mp-aaacozaf;mp-aaabrcqa;mp-aaacoyzp;mp-aaabrxvm;mp-aaacozbg;mp-aaabryjb;mp-aaabryze;mp-aaacozag;mp-aaacoyzx;mp-aaabrzbz;mp-aaacozat;mp-aaacozhc;mp-aaabrybi;mp-aaacozhn;mp-aaacozfw;mp-aaacozal;mp-aaabcsct;mp-aaabrgjm;mp-aaacozan;mp-aaacoyzw;mp-aaabrgmy;mp-aaabryjn;mp-aaacozam;mp-aaabryza;mp-aaacozba;mp-aaacozab;mp-aaacozae;mp-aaabrzah;mp-aaabrcku;mp-aaabrzlh;mp-aaacozdp;mp-aaacoyzn;mp-aaabryvt;mp-aaacoyzy;mp-aaabrccm;mp-aaabrgqt;mp-aaabrydf;mp-aaacoyzt;mp-aaacozak;mp-aaacozhi;mp-aaacozad;mp-aaabrcsd;mp-aaabsanl;mp-aaacozac;mp-aaacozbb;mp-aaabrzmf;mp-aaabrypz;mp-aaacoyzm;mp-aaabrcoz;mp-aaacozah;mp-aaabrcma;mp-aaabrcqb;mp-aaabrcwq;mp-aaacoyxh;mp-aaabrgpj;mp-aaacozce;mp-aaabrhld;mp-aaacoyxm;mp-aaabrctx;mp-aaabrcvx;mp-aaacoyyo;mp-aaacoyyr;mp-aaabrcuo;mp-aaacoyzh;mp-aaacoyxx;mp-aaacoyyf;mp-aaabrcka;mp-aaacoyyg;mp-aaacoyxl;mp-aaabrhyd;mp-aaabwkjz;mp-aaabrcjt;mp-aaacoyyi;mp-aaabrcvn;mp-aaacoyxo;mp-aaacozaz;mp-aaacoyxz;mp-aaacoyyj;mp-aaacozes;mp-aaacoyxt;mp-aaabwklq;mp-aaabrcws;mp-aaacoyyc;mp-aaacoyyh;mp-aaacoyya;mp-aaacoyyb;mp-aaabrcfn;mp-aaabrcqu;mp-aaacpaxc;mp-aaabwiry;mp-aaabrczo;mp-aaabrcoo;mp-aaabyfhj;mp-aaabrcgh;mp-aaacoywo;mp-aaabrddr;mp-aaaabnyz,"{'V': 3.0, 'P': 8.0, 'O': 29.0}",V3P8O29,Li3V3P8O29,Li9V3P8O29,mp-aaacozzq,mp-aaaabnyz,4.142220825833329,173.45998329571643,457.1765310072272,718.5095552562179,1893.7261478203727,0.069767441860465,0.183673469387755,0.11390602752729,4.0,1.355679447499994,0.038529336063413,0.039024006976749,0.000163768248295,100.0,86.72999164785821,100.0,100.0,91.5855958139506,60.0,Li8V3P8O29,,BELOW_REFERENCE_MEDIAN,-1.8428401352939972
21,mp-26963,LiVPO5,45,,PROMISING,10,FORMULA_FAMILY_MATCH,HIGH_PRIORITY,93.57905866063516,93.57905866063516,1.0,insertion,Li0-1VPO5,mp-aaaabljt;mp-aaaabnxb,"{'V': 1.0, 'P': 1.0, 'O': 5.0}",VPO5,VPO5,LiVPO5,mp-aaaabljt,mp-aaaabnxb,3.832105108333334,158.72646360461718,507.3445668831778,608.2564920069386,1944.197706438189,0.0,0.125,0.125,1.0,0.0,0.005146724943774,0.0,0.0,100.0,79.36323180230859,88.53206150086733,100.0,100.0,100.0,LiVPO5,,BELOW_REFERENCE_MEDIAN,-1.9268989670206054
22,mp-1272804,LiMn2O4,153,,PROMISING,18,FORMULA_FAMILY_MATCH,HIGH_PRIORITY,93.13816890916664,93.13816890916664,1.0,insertion,Li0-2MnCoO4,mp-aaabqwuw;mp-aaabshto;mp-aaacoyqz;mp-aaabqxjk;mp-aaacoypq;mp-aaacoyqb;mp-aaabsipl;mp-aaabshtn;mp-aaabromi,"{'Mn': 1.0, 'Co': 1.0, 'O': 4.0}",MnCoO4,MnCoO4,Li2MnCoO4,mp-aaabqwuw,mp-aaabromi,3.416357878333333,279.544862962414,1186.8393617864208,955.0252949292552,4054.668003955144,0.0,0.25,0.25,3.0,1.57066472000001,0.128945492921404,0.056536829583333,0.0620070115625,94.1450514833333,100.0,100.0,100.0,77.7957930625,75.0,LiMn2O4,LMO,REFERENCE_CHEMISTRY,-2.3677887184891233
23,mp-753899,LiFe(CO3)2,210,,PROMISING,4,FORMULA_FAMILY_MATCH,HIGH_PRIORITY,92.76339871052564,92.76339871052564,1.0,insertion,Li0.5-2Fe(CO3)2,mp-aaabrdjj;mp-aaabrebk;mp-aaabredp;mp-aaabrfzr;mp-aaabrdfo,"{'Fe': 1.0, 'C': 2.0, 'O': 6.0}",Fe(CO3)2,LiFe2(CO3)4,Li2Fe(CO3)2,mp-aaabrdjj,mp-aaabrfzr,3.640839159999998,211.87522249909267,460.02189278365097,771.4036071084092,1674.8657217040368,0.052631578947368,0.181818181818181,0.129186602870813,2.0,0.900988932499984,0.032447123042941,0.081138344078953,0.06641970681818,100.0,100.0,100.0,100.0,66.3169935526282,90.0,LiFe(CO3)2,,BELOW_REFERENCE_MEDIAN,-2.7425589171301255
24,mp-6396,Li3V2(PO4)3,29,,PROMISING,3,FORMULA_FAMILY_MATCH,HIGH_PRIORITY,92.1165393918445,92.1165393918445,1.0,insertion,Li0-4V2(PO4)3,mp-aaaabmqu;mp-aaabwjkp;mp-aaaabmqt;mp-aaabseho;mp-aaabwiob;mp-aaabreph;mp-aaabrqdu;mp-aaabpnkl;mp-aaabwikb;mp-aaaabnwv;mp-aaacqhcj;mp-aaabrfmv;mp-aaabwiog;mp-aaabrwyr;mp-aaabwimq;mp-aaaaajma;mp-aaabkpks;mp-aaabrewv;mp-aaabrcht;mp-aaacqlkb;mp-aaabrgpu,"{'V': 2.0, 'P': 3.0, 'O': 12.0}",V2(PO4)3,V2(PO4)3,Li4V2(PO4)3,mp-aaaabmqu,mp-aaabrgpu,3.163282101458333,258.6010317945172,728.3421648312648,818.0280152942536,2303.951733748155,0.0,0.19047619047619,0.19047619047619,5.0,1.741734812499998,0.125278657756902,0.016242477352941,0.030578416904768,76.42974710208331,100.0,100.0,100.0,96.6529498571392,50.0,Li3V2(PO4)3,,BELOW_REFERENCE_MEDIAN,-3.389418235811263
25,mp-1101601,LiV2(PO4)3,50,,PROMISING,4,FORMULA_FAMILY_MATCH,HIGH_PRIORITY,92.1165393918445,92.1165393918445,1.0,insertion,Li0-4V2(PO4)3,mp-aaaabmqu;mp-aaabwjkp;mp-aaaabmqt;mp-aaabseho;mp-aaabwiob;mp-aaabreph;mp-aaabrqdu;mp-aaabpnkl;mp-aaabwikb;mp-aaaabnwv;mp-aaacqhcj;mp-aaabrfmv;mp-aaabwiog;mp-aaabrwyr;mp-aaabwimq;mp-aaaaajma;mp-aaabkpks;mp-aaabrewv;mp-aaabrcht;mp-aaacqlkb;mp-aaabrgpu,"{'V': 2.0, 'P': 3.0, 'O': 12.0}",V2(PO4)3,V2(PO4)3,Li4V2(PO4)3,mp-aaaabmqu,mp-aaabrgpu,3.163282101458333,258.6010317945172,728.3421648312648,818.0280152942536,2303.951733748155,0.0,0.19047619047619,0.19047619047619,5.0,1.741734812499998,0.125278657756902,0.016242477352941,0.030578416904768,76.42974710208331,100.0,100.0,100.0,96.6529498571392,50.0,LiV2(PO4)3,,BELOW_REFERENCE_MEDIAN,-3.389418235811263
26,mp-771112,Li2Mn3NiO8,177,,PROMISING,4,FORMULA_FAMILY_MATCH,HIGH_PRIORITY,92.07604099999976,92.07604099999976,1.0,insertion,Li0-4Mn3NiO8,mp-aaacoymq;mp-aaabrcls;mp-aaabqwgj;mp-aaabrdhj;mp-aaabxddc;mp-aaabrgos,"{'Mn': 3.0, 'Ni': 1.0, 'O': 8.0}",Mn3NiO8,Mn3NiO8,Li4Mn3NiO8,mp-aaacoymq,mp-aaabrgos,3.603389043333334,282.66629969922235,1208.1350504901764,1018.5566472557545,4353.380603803266,0.0,0.25,0.25,3.0,0.883729339999995,0.094049921321074,0.080616325000002,0.026144067187495,100.0,100.0,100.0,100.0,66.6302049999988,75.0,Li2Mn3NiO8,,BELOW_REFERENCE_MEDIAN,-3.4299166276559987
27,mp-753866,Li2VCr(P2O7)2,34,,PROMISING,1,FORMULA_FAMILY_MATCH,HIGH_PRIORITY,91.78557181046553,91.78557181046553,1.0,insertion,Li0-3VCr(P2O7)2,mp-aaabrrtz;mp-aaabrpdq;mp-aaabrpdo;mp-aaabrgov;mp-aaabrgrl;mp-aaabrgru;mp-aaabrgec;mp-aaabrgpy;mp-aaabqxew;mp-aaabqvdz,"{'V': 1.0, 'Cr': 1.0, 'P': 4.0, 'O': 14.0}",VCr(P2O7)2,VCr(P2O7)2,Li3VCr(P2O7)2,mp-aaabrrtz,mp-aaabqvdz,3.421769275000006,170.47580321319225,479.1902434618197,583.3288655658487,1639.6784519574276,0.0,0.130434782608695,0.130434782608695,3.0,1.991147940000018,0.057665171546183,0.021002746125001,0.018632703269926,94.52384925000044,85.23790160659613,85.41610819573108,100.0,100.0,75.0,Li2VCr(P2O7)2,,BELOW_REFERENCE_MEDIAN,-3.720385817190234
28,mp-1295192,LiMn(CO3)2,173,,PROMISING,4,FORMULA_FAMILY_MATCH,HIGH_PRIORITY,91.33161970526037,91.33161970526037,1.0,insertion,Li0.5-2Mn(CO3)2,mp-aaabrlns;mp-aaabrlnh;mp-aaabqvpx;mp-aaabrpcn,"{'Mn': 1.0, 'C': 2.0, 'O': 6.0}",Mn(CO3)2,LiMn2(CO3)4,Li2Mn(CO3)2,mp-aaabrlns,mp-aaabrpcn,4.055691703333332,212.892821976685,500.2211639733941,863.4276517900615,2028.7428245586368,0.052631578947368,0.181818181818181,0.129186602870813,2.0,0.489204420000035,0.045566094111588,0.093069835789497,0.037816197272727,100.0,100.0,100.0,100.0,59.1580985263018,90.0,LiMn(CO3)2,,BELOW_REFERENCE_MEDIAN,-4.174337922395395
29,mp-19107,LiMnVO4,106,,PROMISING,3,FORMULA_FAMILY_MATCH,HIGH_PRIORITY,91.0357264153737,91.0357264153737,1.0,insertion,Li0-1MnVO4,mp-aaaabllx;mp-aaaabcgx,"{'Mn': 1.0, 'V': 1.0, 'O': 4.0}",MnVO4,MnVO4,LiMnVO4,mp-aaaabllx,mp-aaaabcgx,3.546131023333334,151.57653161310955,534.6744139691325,537.5102411625137,1896.025526758511,0.0,0.142857142857142,0.142857142857142,1.0,0.0,0.094101328142424,0.025497356458334,0.0,100.0,75.78826580655478,79.68878014531421,100.0,99.7015861249996,100.0,LiMnVO4,,BELOW_REFERENCE_MEDIAN,-4.470231212282059
30,mp-775982,Li3V2P4(HO8)2,63,,PROMISING,6,FORMULA_FAMILY_MATCH,HIGH_PRIORITY,90.58200521601512,90.58200521601512,1.0,insertion,Li0.5-2VP2HO8,mp-aaabseqo;mp-aaacoypo;mp-aaabsjrn;mp-aaabwksm;mp-aaabwkne;mp-aaabskod;mp-aaabwjtd;mp-aaabsjcf;mp-aaabshwy;mp-aaabslja;mp-aaabskoo;mp-aaabskag;mp-aaabsdwe;mp-aaabsjat;mp-aaabskor;mp-aaabsjav;mp-aaadlsez;mp-aaabsdvm;mp-aaabsikj;mp-aaabsdxm;mp-aaabskic;mp-aaabsjsg;mp-aaabsliz;mp-aaacozwk;mp-aaabqywc,"{'V': 1.0, 'P': 2.0, 'H': 1.0, 'O': 8.0}",VP2HO8,LiV2P4(HO8)2,Li2VP2HO8,mp-aaabseqo,mp-aaabqywc,4.109640574999999,157.17858711502168,454.8319308150945,645.9474991290652,1869.195757683305,0.04,0.142857142857142,0.1028571428571419,2.0,2.79604151499997,0.059675946190688,0.052371174780947,0.000966306981704,100.0,78.58929355751084,93.24343739113316,100.0,83.5772951314318,90.0,Li3V2P4(HO8)2,,BELOW_REFERENCE_MEDIAN,-4.9239524116406415
31,mp-756507,LiFePHO5,121,,PROMISING,1,FORMULA_FAMILY_MATCH,HIGH_PRIORITY,90.45739502499998,90.45739502499998,1.0,insertion,Li0-2FePHO5,mp-aaabrbxz;mp-aaabrbcl;mp-aaaboefk;mp-aaadpgko;mp-aaabrbmu,"{'Fe': 1.0, 'P': 1.0, 'H': 1.0, 'O': 5.0}",FePHO5,FePHO5,Li2FePHO5,mp-aaabrbxz,mp-aaadpgko,3.740409138333335,294.99879035566966,893.9214648036278,1103.4161712436264,3343.6320159038105,0.0,0.2,0.2,2.0,2.541756670000005,0.105627997211483,0.1006086425,0.046805965124999,100.0,100.0,100.0,100.0,54.786975125000005,90.0,LiFePHO5,,BELOW_REFERENCE_MEDIAN,-5.048562602655778
32,mp-761940,Li2MnCo3O8,292,,PROMISING,6,FORMULA_FAMILY_MATCH,HIGH_PRIORITY,90.34173702041682,90.34173702041682,1.0,insertion,Li0-4MnCo3O8,mp-aaabsajy;mp-aaabrakj;mp-aaacvgra;mp-aaacwtzs;mp-aaabradq;mp-aaacwszm;mp-aaacweam;mp-aaacvtul;mp-aaabqzgr;mp-aaacwfct;mp-aaabqxoe;mp-aaacusbs;mp-aaabsbhr;mp-aaacuzqn;mp-aaacupeh;mp-aaacuwhi;mp-aaacvmwu;mp-aaabrdod;mp-aaabxaml;mp-aaacouty,"{'Mn': 1.0, 'Co': 3.0, 'O': 8.0}",MnCo3O8,MnCo3O8,Li4MnCo3O8,mp-aaabsajy,mp-aaabxaml,3.390423123333336,276.6627138122796,1202.4831748463264,938.003662273306,4076.926761418268,0.0,0.25,0.25,4.0,1.617984719999995,0.108876429275683,0.021501470208333,0.076034889218749,92.32961863333352,100.0,100.0,100.0,69.37906646875061,60.0,Li2MnCo3O8,,BELOW_REFERENCE_MEDIAN,-5.164220607238946
33,mp-26227,LiVP2O7,31,,PROMISING,11,FORMULA_FAMILY_MATCH,HIGH_PRIORITY,90.21756922340892,90.21756922340892,1.0,insertion,Li0-2VP2O7,mp-aaaablkw;mp-aaaabbzj;mp-aaabqyjt,"{'V': 1.0, 'P': 2.0, 'O': 7.0}",VP2O7,VP2O7,Li2VP2O7,mp-aaaablkw,mp-aaabqyjt,2.908027082083333,224.49920551243665,607.5881896179202,652.8497695363577,1766.8829101628958,0.0,0.166666666666666,0.166666666666666,2.0,0.7718675825000071,0.116919862969652,0.001825057000001,0.016684068967006,59.48162492499999,100.0,94.10622119204471,100.0,100.0,90.0,LiVP2O7,,BELOW_REFERENCE_MEDIAN,-5.288388404246845
34,mp-691115,Li4Mn5O12,157,,PROMISING,11,FORMULA_FAMILY_MATCH,HIGH_PRIORITY,90.19383182230509,90.19383182230509,1.0,insertion,Li0-4Mn5NiO12,mp-aaabqzwt;mp-aaabqxiq,"{'Mn': 5.0, 'Ni': 1.0, 'O': 12.0}",Mn5NiO12,Mn5NiO12,Li4Mn5NiO12,mp-aaabqzwt,mp-aaabqxiq,3.462582658333336,193.81321584199085,762.4382444961625,671.0942801302933,2640.005443442524,0.0,0.181818181818181,0.181818181818181,1.0,0.0,0.098208516988773,0.055795656388888,0.091175033181817,97.38078608333352,96.90660792099544,96.38678501628668,100.0,60.2949800909098,100.0,Li4Mn5O12,,BELOW_REFERENCE_MEDIAN,-5.312125805350675
35,mp-753051,LiCrPHO5,89,,PROMISING,1,FORMULA_FAMILY_MATCH,HIGH_PRIORITY,89.66843950168958,89.66843950168958,1.0,insertion,Li0-1CrPHO5,mp-aaabqyor;mp-aaabqvzn,"{'Cr': 1.0, 'P': 1.0, 'H': 1.0, 'O': 5.0}",CrPHO5,CrPHO5,LiCrPHO5,mp-aaabqyor,mp-aaabqvzn,4.66829378333333,156.8110194127275,497.0883291983002,732.0399070825979,2320.5543569639767,0.0,0.111111111111111,0.111111111111111,1.0,0.0,0.041712804753837,0.027666349218749,0.0,71.5364973333336,78.40550970636374,100.0,100.0,98.4001904687506,100.0,LiCrPHO5,,BELOW_REFERENCE_MEDIAN,-5.837518125966184
36,mp-19511,Li5FeO4,163,,PROMISING,3,FORMULA_FAMILY_MATCH,HIGH_PRIORITY,89.32517686999975,89.32517686999975,1.0,insertion,Li3.75-5FeO4,mp-aaabrqjl;mp-aaabwjss;mp-aaaabcwl,"{'Fe': 1.0, 'O': 4.0}",FeO4,Li15(FeO4)4,Li5FeO4,mp-aaabrqjl,mp-aaaabcwl,3.743562981333336,216.77367640587667,555.1444100363923,811.5059103205716,2078.218062706373,0.428571428571428,0.5,0.071428571428572,2.0,0.199012803999994,0.007486662302005,0.116783187571432,0.0,100.0,100.0,100.0,100.0,49.125884349998806,90.0,Li5FeO4,,BELOW_REFERENCE_MEDIAN,-6.180780757656009
37,mp-770632,Li3CrO4,128,,PROMISING,6,FORMULA_FAMILY_MATCH,HIGH_PRIORITY,89.19994760311869,89.19994760311869,1.0,insertion,Li2-3CrO4,mp-aaabrbud;mp-aaabrvzs,"{'Cr': 1.0, 'O': 4.0}",CrO4,Li2CrO4,Li3CrO4,mp-aaabrbud,mp-aaabrvzs,2.965592918333333,195.8933459538484,506.3721584949287,580.9399195093545,1501.693687273725,0.285714285714285,0.375,0.089285714285715,1.0,0.0,0.029444052003422,0.020319052380952,0.0,62.93557509999998,97.9466729769242,85.11748993866931,100.0,100.0,100.0,Li3CrO4,,BELOW_REFERENCE_MEDIAN,-6.306010024537073
38,mp-17159,Li2CrO4,150,,PROMISING,14,FORMULA_FAMILY_MATCH,HIGH_PRIORITY,89.19994760311869,89.19994760311869,1.0,insertion,Li2-3CrO4,mp-aaabrbud;mp-aaabrvzs,"{'Cr': 1.0, 'O': 4.0}",CrO4,Li2CrO4,Li3CrO4,mp-aaabrbud,mp-aaabrvzs,2.965592918333333,195.8933459538484,506.3721584949287,580.9399195093545,1501.693687273725,0.285714285714285,0.375,0.089285714285715,1.0,0.0,0.029444052003422,0.020319052380952,0.0,62.93557509999998,97.9466729769242,85.11748993866931,100.0,100.0,100.0,Li2CrO4,,BELOW_REFERENCE_MEDIAN,-6.306010024537073
39,mp-753732,Li2CoSiO4,76,,PROMISING,11,FORMULA_FAMILY_MATCH,HIGH_PRIORITY,88.8683251876593,88.8683251876593,1.0,insertion,Li1-2CoSiO4,mp-aaabrkno;mp-aaabrdlu;mp-aaabrfud,"{'Co': 1.0, 'Si': 1.0, 'O': 4.0}",CoSiO4,LiCoSiO4,Li2CoSiO4,mp-aaabrkno,mp-aaabrfud,3.726868828333335,162.53340366778136,514.2710270285038,605.7406756923733,1916.6206599475008,0.142857142857142,0.25,0.107142857142858,1.0,0.0,0.000614680078591,0.066904433928568,0.005802494062499,100.0,81.26670183389068,88.21758446154666,100.0,74.8573396428592,100.0,Li2CoSiO4,,BELOW_REFERENCE_MEDIAN,-6.637632439996466
40,mp-774155,Li2FeO3,226,,PROMISING,4,FORMULA_FAMILY_MATCH,HIGH_PRIORITY,88.81576581966647,88.81576581966647,1.0,insertion,Li1-2FeO3,mp-aaabrhmv;mp-aaabqvfd;mp-aaacpagf;mp-aaabqvkg;mp-aaacuqxy;mp-aaacwgqd;mp-aaacvena;mp-aaacukam;mp-aaabrhlx;mp-aaabsbff;mp-aaabynfg;mp-aaacwdsq,"{'Fe': 1.0, 'O': 3.0}",FeO3,LiFeO3,Li2FeO3,mp-aaabrhmv,mp-aaabsbff,4.099811615000005,227.66137704895715,826.1396845852344,933.36875791221,3387.017074474984,0.2,0.333333333333333,0.1333333333333329,1.0,0.0,0.02008006187993,0.131203345433336,0.0,100.0,100.0,100.0,100.0,44.0788290983324,100.0,Li2FeO3,,BELOW_REFERENCE_MEDIAN,-6.690191807989294
41,mp-19373,LiVO3,93,,PROMISING,3,FORMULA_FAMILY_MATCH,HIGH_PRIORITY,87.96285542166589,87.96285542166589,1.0,insertion,Li1-2VO3,mp-aaabrkzw;mp-aaabrjqa;mp-aaabqvih;mp-aaabsbgq,"{'V': 1.0, 'O': 3.0}",VO3,LiVO3,Li2VO3,mp-aaabrkzw,mp-aaabsbgq,3.150589805833331,237.5560831414869,822.110683547462,748.4417738592639,2590.1335388513057,0.2,0.333333333333333,0.1333333333333329,1.0,0.0,0.003162421656268,0.084545015500006,0.022451055833339,75.54128640833315,100.0,100.0,100.0,64.2729906999964,100.0,LiVO3,,BELOW_REFERENCE_MEDIAN,-7.543102205989868
42,mp-1176640,LiMnCrO4,123,,PROMISING,2,FORMULA_FAMILY_MATCH,HIGH_PRIORITY,87.83969600862125,87.83969600862125,1.0,insertion,Li0.5-2MnCrO4,mp-aaabslas;mp-aaacoypk;mp-aaabrbqy;mp-aaabqznn,"{'Mn': 1.0, 'Cr': 1.0, 'O': 4.0}",MnCrO4,LiMn2Cr2O8,Li2MnCrO4,mp-aaabslas,mp-aaabqznn,3.497715996666665,217.52831055961684,889.2884794014842,760.852251572246,3110.4785400539454,0.076923076923076,0.25,0.173076923076924,2.0,2.727386769999995,0.048076948049716,0.137547542067315,0.037367285916661,99.84011976666656,100.0,100.0,100.0,41.85836027643975,90.0,LiMnCrO4,,BELOW_REFERENCE_MEDIAN,-7.666261619034515
43,mp-26983,LiMn(PO3)4,65,,PROMISING,8,FORMULA_FAMILY_MATCH,HIGH_PRIORITY,87.74243067972449,87.74243067972449,1.0,insertion,Li0-2Mn(PO3)4,mp-aaaabnxw;mp-aaaabnxv;mp-aaabskws,"{'Mn': 1.0, 'P': 4.0, 'O': 12.0}",Mn(PO3)4,Mn(PO3)4,Li2Mn(PO3)4,mp-aaaabnxw,mp-aaabskws,4.569194618333346,139.33418904594134,345.96651492576586,636.6450267385562,1580.7883381223526,0.0,0.105263157894736,0.105263157894736,2.0,1.7819887100000071,0.068716055460513,0.018915685637256,0.018875927850909,79.46443053333233,69.66709452297067,92.08062834231951,100.0,100.0,90.0,LiMn(PO3)4,,BELOW_REFERENCE_MEDIAN,-7.763526947931268
44,mp-20052,LiMnAsO4,152,,PROMISING,1,FORMULA_FAMILY_MATCH,HIGH_PRIORITY,87.66023173148541,87.66023173148541,1.0,insertion,Li0-1MnAsO4,mp-aaabdbol;mp-aaaabdrg,"{'Mn': 1.0, 'As': 1.0, 'O': 4.0}",MnAsO4,MnAsO4,LiMnAsO4,mp-aaabdbol,mp-aaaabdrg,3.76744912833333,133.4746782541047,522.240590807198,502.8590602429984,1967.5148586168607,0.0,0.142857142857142,0.142857142857142,1.0,0.0,0.062570318125929,0.031322605,0.0,100.0,66.73733912705235,75.35738253037479,100.0,96.206437,100.0,LiMnAsO4,,BELOW_REFERENCE_MEDIAN,-7.84572589617035
45,mp-775158,Li8Mn13Cr3O32,140,,PROMISING,1,FORMULA_FAMILY_MATCH,HIGH_PRIORITY,87.27084620312701,87.27084620312701,1.0,insertion,Li0-8Mn13Cr3O32,mp-aaabsdth;mp-aaabscru,"{'Mn': 13.0, 'Cr': 3.0, 'O': 32.0}",Mn13Cr3O32,Mn13Cr3O32,Li8Mn13Cr3O32,mp-aaabsdth,mp-aaabscru,4.2334136645833365,149.13618225656714,603.3029963437774,631.3551518487421,2554.0311486058176,0.0,0.142857142857142,0.142857142857142,1.0,0.0,0.042027081069449,0.074388756822902,0.045723094107144,100.0,74.56809112828357,91.41939398109275,100.0,70.3667459062588,100.0,Li8Mn13Cr3O32,,BELOW_REFERENCE_MEDIAN,-8.235111424528753
46,mp-762019,LiV(CO3)2,137,,PROMISING,6,FORMULA_FAMILY_MATCH,HIGH_PRIORITY,86.73716706531967,86.73716706531967,1.0,insertion,Li0-1V(CO3)2,mp-aaabqvfx;mp-aaabrjgl,"{'V': 1.0, 'C': 2.0, 'O': 6.0}",V(CO3)2,V(CO3)2,LiV(CO3)2,mp-aaabqvfx,mp-aaabrjgl,4.034132813333334,150.65450224290737,458.3070108810422,607.7602709745129,1848.8713511759288,0.0,0.1,0.1,1.0,0.0,0.180048486453278,0.075185749444449,0.0,100.0,75.32725112145368,88.47003387181411,100.0,69.8885503333306,100.0,LiV(CO3)2,,BELOW_REFERENCE_MEDIAN,-8.768790562336093
47,mp-757614,LiFeO2,183,,PROMISING,10,FORMULA_FAMILY_MATCH,HIGH_PRIORITY,86.29927069166668,86.29927069166668,1.0,insertion,Li0-1FeO2,mp-aaaablmi;mp-aaaabbuk,"{'Fe': 1.0, 'O': 2.0}",FeO2,FeO2,LiFeO2,mp-aaaablmi,mp-aaaabbuk,3.932590783333332,282.76138310534907,1196.5628711012123,1111.9848090826813,4705.592118571498,0.0,0.25,0.25,1.0,0.0,0.077727118065087,0.167153275833333,0.020221913124999,100.0,100.0,100.0,100.0,31.49635345833345,100.0,LiFeO2,,BELOW_REFERENCE_MEDIAN,-9.206686935989083
48,mp-18860,Li2VSiO5,26,,PROMISING,2,FORMULA_FAMILY_MATCH,HIGH_PRIORITY,86.08854696170484,86.08854696170484,1.0,insertion,Li1-2VSiO5,mp-aaabqyet;mp-aaabrlbr;mp-aaaablix;mp-aaaabbxk,"{'V': 1.0, 'Si': 1.0, 'O': 5.0}",VSiO5,LiVSiO5,Li2VSiO5,mp-aaabqyet,mp-aaaabbxk,3.389559458333342,155.0060792879593,474.9005394129388,525.4023221496705,1609.703615134733,0.125,0.222222222222222,0.0972222222222219,1.0,0.0,0.000884835769015,0.054174595312497,0.0,92.26916208333397,77.50303964397965,78.1752902687088,100.0,82.4952428125018,100.0,Li2VSiO5,,BELOW_REFERENCE_MEDIAN,-9.417410665950925
49,mp-1287701,Li2Mn3CoO8,176,,PROMISING,3,FORMULA_FAMILY_MATCH,HIGH_PRIORITY,86.00812296874999,86.00812296874999,1.0,insertion,Li0-3Mn3CoO8,mp-aaabrztf;mp-aaabqyoe;mp-aaacpabp;mp-aaacpafu,"{'Mn': 3.0, 'Co': 1.0, 'O': 8.0}",Mn3CoO8,Mn3CoO8,Li3Mn3CoO8,mp-aaabrztf,mp-aaacpabp,3.767608755000001,215.8128891744002,940.4998036750236,813.0985306953152,3543.435294401801,0.0,0.2,0.2,2.0,2.62670729500001,0.143551763380659,0.164169671875,0.099003747818175,100.0,100.0,100.0,100.0,32.54061484375,90.0,Li2Mn3CoO8,,BELOW_REFERENCE_MEDIAN,-9.497834658905774
50,mp-540965,Na2Li3FeO4,220,,PROMISING,1,FORMULA_FAMILY_MATCH,HIGH_PRIORITY,85.62708219166676,85.62708219166676,1.0,insertion,Li0-3Na2FeO4,mp-aaabqyex;mp-aaabdbny;mp-aaabrssl;mp-aaaabllz;mp-aaabrstn;mp-aaabeugj,"{'Na': 2.0, 'Fe': 1.0, 'O': 4.0}",Na2FeO4,Na2FeO4,Na2Li3FeO4,mp-aaabqyex,mp-aaabeugj,3.364612883333331,430.787772220729,1191.7557862987892,1449.4340883963291,4009.79687236795,0.0,0.3,0.3,1.0,0.0,0.081571111055981,0.149678545357141,0.0,90.52290183333318,100.0,100.0,100.0,37.61250912500065,100.0,Na2Li3FeO4,,BELOW_REFERENCE_MEDIAN,-9.878875435989002
51,mp-754509,LiCoNiO4,484,,PROMISING,1,FORMULA_FAMILY_MATCH,HIGH_PRIORITY,85.59474571645326,85.59474571645326,1.0,insertion,Li1-2CoNiO4,mp-aaabqydp;mp-aaabqvzj;mp-aaabsjul;mp-aaabqzeq;mp-aaabqwse,"{'Co': 1.0, 'Ni': 1.0, 'O': 4.0}",CoNiO4,LiCoNiO4,Li2CoNiO4,mp-aaabqydp,mp-aaabqwse,3.371941503333329,137.08763113805108,653.5092993789782,462.2514730280448,2203.595129390262,0.142857142857142,0.25,0.107142857142858,1.0,0.0,0.042185604616938,0.0,0.017019385624998,91.03590523333304,68.54381556902554,68.39400777990784,100.0,100.0,100.0,LiCoNiO4,,BELOW_REFERENCE_MEDIAN,-9.9112119112025
52,mp-756366,LiMnNiO4,282,,PROMISING,1,FORMULA_FAMILY_MATCH,HIGH_PRIORITY,84.62473389941385,84.62473389941385,1.0,insertion,Li1-2MnNiO4,mp-aaabraxa;mp-aaabrlvc;mp-aaabqwkx,"{'Mn': 1.0, 'Ni': 1.0, 'O': 4.0}",MnNiO4,LiMnNiO4,Li2MnNiO4,mp-aaabraxa,mp-aaabqwkx,3.324719718333331,139.9474434770271,620.2105645374892,465.2860248584113,2062.0262934364373,0.142857142857142,0.25,0.107142857142858,1.0,0.0,0.026347491048887,0.0,0.030842478124999,87.73038028333318,69.97372173851355,68.92505435022197,100.0,96.4945131250006,100.0,LiMnNiO4,,BELOW_REFERENCE_MEDIAN,-10.881223728241906
53,mp-756242,Li2CrFeO4,130,,PROMISING,2,FORMULA_FAMILY_MATCH,HIGH_PRIORITY,84.44357856233084,84.44357856233084,1.0,insertion,Li1-2CrFeO4,mp-aaabqyhc;mp-aaabqywx;mp-aaabqvio,"{'Cr': 1.0, 'Fe': 1.0, 'O': 4.0}",CrFeO4,LiCrFeO4,Li2CrFeO4,mp-aaabqyhc,mp-aaabqvio,3.477482518333337,144.3106834368161,598.1868026228365,501.83787886026425,2080.1841488186283,0.142857142857142,0.25,0.107142857142858,1.0,0.0,0.005114392658461,0.064318266746034,0.008267917916666,98.42377628333358,72.15534171840805,75.22973485753303,100.0,76.4090399523796,100.0,Li2CrFeO4,,BELOW_REFERENCE_MEDIAN,-11.062379065324919
54,mp-26955,LiV(PO3)4,42,,PROMISING,9,FORMULA_FAMILY_MATCH,HIGH_PRIORITY,84.19722233549687,84.19722233549687,1.0,insertion,Li0-2V(PO3)4,mp-aaaabnqw;mp-aaackrln;mp-aaabnses,"{'V': 1.0, 'P': 4.0, 'O': 12.0}",V(PO3)4,V(PO3)4,Li2V(PO3)4,mp-aaaabnqw,mp-aaabnses,4.091716760833326,140.79685980552327,394.6647305440968,576.1008711389596,1614.856292877049,0.0,0.105263157894736,0.105263157894736,2.0,2.450356875000011,0.051486698992967,0.077374878529412,0.025719927543859,100.0,70.39842990276163,84.51260889236995,100.0,68.5750728823528,90.0,LiV(PO3)4,,BELOW_REFERENCE_MEDIAN,-11.308735292158886
55,mp-18793,LiCrO2,98,,PROMISING,7,FORMULA_FAMILY_MATCH,HIGH_PRIORITY,84.10292499166772,84.10292499166772,1.0,insertion,Li0-1CrO2,mp-aaadbsgj;mp-aaabsbam;mp-aaabrzkn;mp-aaachmqy;mp-aaabraww,"{'Cr': 1.0, 'O': 2.0}",CrO2,CrO2,LiCrO2,mp-aaadbsgj,mp-aaabraww,4.059322523333336,294.72937690575327,1211.8065127313596,1196.4015979615244,4919.113471052434,0.0,0.25,0.25,2.0,1.222512299999998,0.002416179295348,0.191386785833318,0.001555665624999,100.0,100.0,100.0,100.0,23.0146249583387,90.0,LiCrO2,,BELOW_REFERENCE_MEDIAN,-11.40303263598804
56,mp-763186,Li2Mn3SbO8,145,,PROMISING,3,FORMULA_FAMILY_MATCH,HIGH_PRIORITY,84.06908875729165,84.06908875729165,1.0,insertion,Li0-4Mn3SbO8,mp-aaabqxqa;mp-aaaewaco;mp-aaabqvpn;mp-aaabrbkz;mp-aaacwmuq;mp-aaabrzqc;mp-aaacvyfk,"{'Mn': 3.0, 'Sb': 1.0, 'O': 8.0}",Mn3SbO8,Mn3SbO8,Li4Mn3SbO8,mp-aaabqxqa,mp-aaacwmuq,3.094801727083333,242.36456106446408,1073.5067139076752,750.0702621660975,3322.290432237028,0.0,0.25,0.25,3.0,0.779577084999985,0.067797599118042,0.1001162203125,0.039910924999999,71.63612089583332,100.0,100.0,100.0,54.959322890625,75.0,Li2Mn3SbO8,,BELOW_REFERENCE_MEDIAN,-11.436868870364108
57,mp-775865,Li2Ti3MnO8,9,,PROMISING,1,FORMULA_FAMILY_MATCH,HIGH_PRIORITY,83.67552917638488,83.67552917638488,1.0,insertion,Li0-2Ti3MnO8,mp-aaabsnum;mp-aaabsgdc,"{'Ti': 3.0, 'Mn': 1.0, 'O': 8.0}",Ti3MnO8,Ti3MnO8,Li2Ti3MnO8,mp-aaabsnum,mp-aaabsgdc,3.496692439583332,157.46299736878825,580.7638096266688,550.599672413572,2030.7524223051864,0.0,0.142857142857142,0.142857142857142,1.0,0.0,0.126470826917486,0.094078804374999,0.033434965535716,99.76847077083325,78.73149868439413,81.3249590516965,100.0,58.5527173750006,100.0,Li2Ti3MnO8,,BELOW_REFERENCE_MEDIAN,-11.830428451270876
58,mp-756582,Li2CoGeO4,149,,PROMISING,2,FORMULA_FAMILY_MATCH,HIGH_PRIORITY,82.64646910466723,82.64646910466723,1.0,insertion,Li1-2CoGeO4,mp-aaabrllr;mp-aaabqwge;mp-aaabrbfi,"{'Co': 1.0, 'Ge': 1.0, 'O': 4.0}",CoGeO4,LiCoGeO4,Li2CoGeO4,mp-aaabrllr,mp-aaabrbfi,3.840042648333328,127.95952971343203,490.0161556978901,491.3700513602547,1881.682936252242,0.142857142857142,0.25,0.107142857142858,1.0,0.0,0.014938665399243,0.065395297202374,0.0,100.0,63.97976485671602,73.48975898804457,100.0,75.7628216785756,100.0,Li2CoGeO4,,BELOW_REFERENCE_MEDIAN,-12.859488522988528
59,mp-1291671,Li2V3CoO8,94,,PROMISING,3,FORMULA_FAMILY_MATCH,HIGH_PRIORITY,82.39898028634616,82.39898028634616,1.0,insertion,Li0-2V3CoO8,mp-aaabxakk;mp-aaacpakr;mp-aaabrcgu,"{'V': 3.0, 'Co': 1.0, 'O': 8.0}",V3CoO8,V3CoO8,Li2V3CoO8,mp-aaabxakk,mp-aaacpakr,3.512317765833335,151.57712954409598,598.608091123979,532.3870449917491,2102.501833226331,0.0,0.142857142857142,0.142857142857142,1.0,0.0,0.024854804967626,0.080130187708332,0.096403406607143,100.0,75.78856477204799,79.04838062396864,100.0,57.15795603571421,100.0,Li2V3CoO8,,BELOW_REFERENCE_MEDIAN,-13.106977341309602
60,mp-18968,Li2FeSiO4,68,,PROMISING,13,FORMULA_FAMILY_MATCH,HIGH_PRIORITY,81.8973799572455,81.8973799572455,1.0,insertion,Li1-2FeSiO4,mp-aaabrewj;mp-aaabredt;mp-aaabrfql,"{'Fe': 1.0, 'Si': 1.0, 'O': 4.0}",FeSiO4,LiFeSiO4,Li2FeSiO4,mp-aaabrewj,mp-aaabrfql,3.146241033333337,165.63540313839425,517.9156598287985,521.1289019267253,1629.487500759276,0.142857142857142,0.25,0.107142857142858,1.0,0.0,0.006527534567018,0.068681311428573,0.00016572,75.23687233333358,82.81770156919713,77.64111274084067,100.0,73.7912131428562,100.0,Li2FeSiO4,,BELOW_REFERENCE_MEDIAN,-13.608577670410256
61,mp-1193172,Li2Mn(SO4)2,126,,PROMISING,1,FORMULA_FAMILY_MATCH,HIGH_PRIORITY,81.8352223691444,81.8352223691444,1.0,insertion,Li1-2Mn(SO4)2,mp-aaabskqa;mp-aaabretd,"{'Mn': 1.0, 'S': 2.0, 'O': 8.0}",Mn(SO4)2,LiMn(SO4)2,Li2Mn(SO4)2,mp-aaabskqa,mp-aaabretd,4.422175728333333,102.70921451496037,283.6797492891446,454.1981955042394,1254.4817019261404,0.083333333333333,0.153846153846153,0.07051282051282,1.0,0.0,0.084590563045043,0.0128496734375,0.013533118653851,90.836820375,51.35460725748018,66.98468421324189,100.0,100.0,100.0,Li2Mn(SO4)2,,BELOW_REFERENCE_MEDIAN,-13.670735258511357
62,mp-18988,Li2MnO3,129,,PROMISING,2,FORMULA_FAMILY_MATCH,HIGH_PRIORITY,81.81880939458314,81.81880939458314,1.0,insertion,Li0-1MnBO3,mp-aaaablky;mp-aaabwisq;mp-aaabwinu;mp-aaabwivx;mp-aaabsgwt;mp-aaabsgwn;mp-aaabwira;mp-aaabvhrp;mp-aaaabchv,"{'Mn': 1.0, 'B': 1.0, 'O': 3.0}",MnBO3,MnBO3,LiMnBO3,mp-aaaablky,mp-aaaabchv,4.069228861666677,222.0720099572572,705.5302425822467,903.6618322864008,2870.9640258943705,0.0,0.166666666666666,0.166666666666666,3.0,0.018730019999995,0.007151468219929,0.223279765135421,0.0,100.0,100.0,100.0,100.0,15.344046972915802,75.0,Li2MnO3,,BELOW_REFERENCE_MEDIAN,-13.68714823307262
63,mp-755721,Li4Cr3FeO8,115,,PROMISING,2,FORMULA_FAMILY_MATCH,HIGH_PRIORITY,81.70616344188075,81.70616344188075,1.0,insertion,Li2-4Cr3FeO8,mp-aaabrval;mp-aaabrbam;mp-aaabrtdg;mp-aaabrtdo,"{'Cr': 3.0, 'Fe': 1.0, 'O': 8.0}",Cr3FeO8,Li2Cr3FeO8,Li4Cr3FeO8,mp-aaabrval,mp-aaabrtdo,3.743414175833327,145.82169737066937,614.6295096052435,545.8710090814411,2300.8128191417545,0.142857142857142,0.25,0.107142857142858,1.0,0.0,0.03310952410308,0.10032545031746,0.0195271971875,100.0,72.91084868533468,80.73387613518014,100.0,54.88609238888901,100.0,Li4Cr3FeO8,,BELOW_REFERENCE_MEDIAN,-13.799794185775013
64,mp-753560,LiVPHO5,83,,PROMISING,1,FORMULA_FAMILY_MATCH,HIGH_PRIORITY,81.67333027049708,81.67333027049708,1.0,insertion,Li0-2VPHO5,mp-aaackqzt;mp-aaabqwtc;mp-aaacuoyl;mp-aaabsgfr,"{'V': 1.0, 'P': 1.0, 'H': 1.0, 'O': 5.0}",VPHO5,VPHO5,Li2VPHO5,mp-aaackqzt,mp-aaacuoyl,2.479366997083336,303.18039981610514,881.8527509971066,751.6954774665819,2186.4366071093755,0.0,0.2,0.2,2.0,2.018696022499995,0.140613970655854,0.0,0.06384671421808,34.17467988333344,100.0,100.0,100.0,76.69197146915201,90.0,LiVPHO5,,BELOW_REFERENCE_MEDIAN,-13.832627357158685
65,mp-16955,K2Li3FeO4,227,,PROMISING,1,FORMULA_FAMILY_MATCH,HIGH_PRIORITY,81.42185065580644,81.42185065580644,1.0,insertion,Li0.75-3.25K2FeO4,mp-aaabrecv;mp-aaabreem;mp-aaaablhz;mp-aaabrfhw;mp-aaabreuk;mp-aaaaazcd;mp-aaabrfri,"{'K': 2.0, 'Fe': 1.0, 'O': 4.0}",K2FeO4,K8Li3(FeO4)4,K8Li13(FeO4)4,mp-aaabrecv,mp-aaabrfri,2.579035872333331,303.7374315224846,817.3346235799161,783.3497316668767,2107.935313912664,0.096774193548387,0.317073170731707,0.2202989771833199,2.0,4.883925632222239,0.066523636850572,0.057980940322576,0.075221498434946,39.74215233999986,100.0,100.0,100.0,69.86710093903241,90.0,K2Li3FeO4,,BELOW_REFERENCE_MEDIAN,-14.084106971849323
66,mp-25977,LiFe(PO3)4,71,,PROMISING,7,FORMULA_FAMILY_MATCH,HIGH_PRIORITY,81.41195518162155,81.41195518162155,1.0,insertion,Li0-2Fe(PO3)4,mp-aaabcruc;mp-aaaabmqw;mp-aaaabmqv,"{'Fe': 1.0, 'P': 4.0, 'O': 12.0}",Fe(PO3)4,Fe(PO3)4,Li2Fe(PO3)4,mp-aaabcruc,mp-aaaabmqv,4.703430993333332,139.00647905219608,393.87717528319183,653.8073818482396,1852.57411379355,0.0,0.105263157894736,0.105263157894736,2.0,1.556261139999975,0.006287689106541,0.063158178137256,0.009334568377226,68.72552053333344,69.50323952609804,94.22592273102995,100.0,77.1050931176464,90.0,LiFe(PO3)4,,BELOW_REFERENCE_MEDIAN,-14.09400244603421
67,mp-19103,LiCrP2O7,41,,PROMISING,14,FORMULA_FAMILY_MATCH,HIGH_PRIORITY,81.17348086382653,81.17348086382653,1.0,insertion,Li0-1CrP2O7,mp-aaaabnfa;mp-aaaabnez,"{'Cr': 1.0, 'P': 2.0, 'O': 7.0}",CrP2O7,CrP2O7,LiCrP2O7,mp-aaaabnfa,mp-aaaabnez,4.636678618333325,115.08687885832728,355.7550831676373,533.6208704531236,1649.5219874867776,0.0,0.09090909090909,0.09090909090909,1.0,0.0,0.063385903399548,0.033240590750009,0.027006080909091,74.06571053333401,57.54343942916364,79.20260880664046,100.0,95.0556455499946,100.0,LiCrP2O7,,BELOW_REFERENCE_MEDIAN,-14.332476763829234
68,mp-26035,Li9Mn3P8O29,56,,PROMISING,1,FORMULA_FAMILY_MATCH,HIGH_PRIORITY,80.74046207561011,80.74046207561011,1.0,insertion,Li3-9Mn3P8O29,mp-aaacpacl;mp-aaabseiv;mp-aaabobvw;mp-aaaabmnj,"{'Mn': 3.0, 'P': 8.0, 'O': 29.0}",Mn3P8O29,Li3Mn3P8O29,Li9Mn3P8O29,mp-aaacpacl,mp-aaaabmnj,4.897374787499998,171.2452886863373,458.8635735938244,838.6523592906268,2247.2268962205453,0.069767441860465,0.183673469387755,0.11390602752729,2.0,0.827983958333352,0.018969462466735,0.079383918275197,0.0,53.21001700000018,85.62264434316864,100.0,100.0,67.3696490348818,90.0,Li9Mn3P8O29,,BELOW_REFERENCE_MEDIAN,-14.76549555204565
69,mp-18925,Li6CoO4,188,,PROMISING,1,FORMULA_FAMILY_MATCH,HIGH_PRIORITY,80.04368574166723,80.04368574166723,1.0,insertion,Li4-6CoO4,mp-aaabsdyi;mp-aaabqvxy;mp-aaabragp;mp-aaabqxuu;mp-aaabruhn;mp-aaaabbzx,"{'Co': 1.0, 'O': 4.0}",CoO4,Li4CoO4,Li6CoO4,mp-aaabsdyi,mp-aaaabbzx,2.671426739583335,325.7018238247244,871.5098426094517,870.0885612964295,2328.1746973569534,0.444444444444444,0.5454545454545451,0.1010101010101011,2.0,1.054548157499994,0.040195945663066,0.095945292777773,0.0,45.28560437500009,100.0,100.0,100.0,57.4328243333362,90.0,Li6CoO4,,BELOW_REFERENCE_MEDIAN,-15.462271885988528
70,mp-22417,LiNiPO4,109,,PROMISING,10,FORMULA_FAMILY_MATCH,PROMISING,79.89102361329365,79.89102361329365,1.0,insertion,Li1-2NiPO4F,mp-aaacoypd;mp-aaabrelg;mp-aaabfoew,"{'Ni': 1.0, 'P': 1.0, 'O': 4.0, 'F': 1.0}",NiPO4F,LiNiPO4F,Li2NiPO4F,mp-aaacoypd,mp-aaabfoew,4.692829077083336,143.67288005898902,485.1772213005504,674.2322691291303,2276.85377165772,0.125,0.222222222222222,0.0972222222222219,2.0,0.8804905174999931,0.04634639309279,0.085390049062501,0.029674211249993,69.57367383333313,71.83644002949451,96.77903364114128,100.0,63.765970562499405,90.0,LiNiPO4,,BELOW_REFERENCE_MEDIAN,-15.614934014362106
71,mp-18640,LiTi2(PO4)3,16,,PROMISING,4,FORMULA_FAMILY_MATCH,PROMISING,79.28846153358667,79.28846153358667,1.0,insertion,Li0-3Ti2(PO4)3,mp-aaabsbtx;mp-aaaabboy;mp-aaabserm;mp-aaabryum;mp-aaaabnua;mp-aaabrjsc;mp-aaabsewf;mp-aaabrcvf;mp-aaabrdwz;mp-aaabrfbn;mp-aaabsmnj;mp-aaaabntz,"{'Ti': 2.0, 'P': 3.0, 'O': 12.0}",Ti2(PO4)3,Ti2(PO4)3,Li3Ti2(PO4)3,mp-aaabsbtx,mp-aaabsewf,2.642043108333339,200.27455585205377,555.9565618544746,529.1340100634391,1468.8612027803124,0.0,0.15,0.15,2.0,3.329099692500008,0.061486476899191,0.013037193112749,0.063703383483328,43.52258650000033,100.0,78.64175125792988,100.0,76.7779699100032,90.0,LiTi2(PO4)3,,BELOW_REFERENCE_MEDIAN,-16.21749609406909
72,mp-775393,Li2Cr3SbO8,113,,PROMISING,1,FORMULA_FAMILY_MATCH,PROMISING,79.2851555073277,79.2851555073277,1.0,insertion,Li0-2Cr3SbO8,mp-aaabrzti;mp-aaabrxoy,"{'Cr': 3.0, 'Sb': 1.0, 'O': 8.0}",Cr3SbO8,Cr3SbO8,Li2Cr3SbO8,mp-aaabrzti,mp-aaabrxoy,4.344371253333333,127.74000219416548,598.5023927355531,554.9499934330693,2600.116590051553,0.0,0.142857142857142,0.142857142857142,1.0,0.0,0.045884925949939,0.102814653541651,0.007521525714285,96.67215600000004,63.87000109708274,81.86874917913366,100.0,54.01487126042216,100.0,Li2Cr3SbO8,,BELOW_REFERENCE_MEDIAN,-16.22080212032806
73,mp-504854,Na2Li3CoO4,251,,PROMISING,1,FORMULA_FAMILY_MATCH,PROMISING,79.27499161272372,79.27499161272372,1.0,insertion,Li2-3Na2CoO4,mp-aaabxalx;mp-aaabrfqw;mp-aaabcsvm,"{'Na': 2.0, 'Co': 1.0, 'O': 4.0}",Na2CoO4,Na2Li2CoO4,Na2Li3CoO4,mp-aaabxalx,mp-aaabcsvm,3.18593919333333,141.25868471545286,406.4456317841556,450.04158003367706,1294.9110682602684,0.222222222222222,0.3,0.077777777777778,1.0,0.0,0.00035425116192,0.055879007222224,0.0,78.01574353333311,70.62934235772643,66.25727650589349,100.0,81.4725956666656,100.0,Na2Li3CoO4,,BELOW_REFERENCE_MEDIAN,-16.230966014932037
74,mp-757613,Li2Co3SbO8,264,,PROMISING,1,FORMULA_FAMILY_MATCH,PROMISING,79.0496476551309,79.0496476551309,1.0,insertion,Li0-2Co3SbO8,mp-aaabrcpu;mp-aaabrioa;mp-aaadpils;mp-aaabrdfe,"{'Co': 3.0, 'Sb': 1.0, 'O': 8.0}",Co3SbO8,Co3SbO8,Li2Co3SbO8,mp-aaabrcpu,mp-aaabrdfe,4.445311720833328,121.70409946736802,658.968501230379,541.0126598357563,2929.3204021793754,0.0,0.142857142857142,0.142857142857142,1.0,0.0,0.049824848412316,0.083053358124999,0.028098295357118,89.10162093750037,60.85204973368401,80.12658247946953,100.0,65.1679851250006,100.0,Li2Co3SbO8,,BELOW_REFERENCE_MEDIAN,-16.456309972524863
75,mp-26019,LiMn(PO3)3,54,,PROMISING,6,FORMULA_FAMILY_MATCH,PROMISING,79.02013115735393,79.02013115735393,1.0,insertion,Li0-1Mn(PO3)3,mp-aaaablir;mp-aaaabcvs,"{'Mn': 1.0, 'P': 3.0, 'O': 9.0}",Mn(PO3)3,Mn(PO3)3,LiMn(PO3)3,mp-aaaablir,mp-aaaabcvs,4.327931088333334,89.69858041321287,266.25108809209524,388.2092747497114,1152.3163614563562,0.0,0.071428571428571,0.071428571428571,1.0,0.0,0.04561735135959,0.010715820064102,0.000503006785713,97.90516837499996,41.75886433057029,55.4366230811995,100.0,100.0,100.0,LiMn(PO3)3,,BELOW_REFERENCE_MEDIAN,-16.48582647030183
76,mp-777049,LiFeBO3,111,,PROMISING,2,FORMULA_FAMILY_MATCH,PROMISING,78.3984081717013,78.3984081717013,1.0,insertion,Li0.25-1FeBO3,mp-aaabsbnx;mp-aaabrngi;mp-aaabqwai;mp-aaabrgqi;mp-aaabrgrn;mp-aaacozhu;mp-aaabqxwn;mp-aaabsfmn,"{'Fe': 1.0, 'B': 1.0, 'O': 3.0}",FeBO3,LiFe4(BO3)4,LiFeBO3,mp-aaabsbnx,mp-aaabsfmn,3.020091366666666,165.3117134477588,546.5865753343039,499.2564785924502,1650.741397303031,0.047619047619047,0.166666666666666,0.1190476190476189,2.0,0.288589659999985,0.005331217088064,0.074066825476197,0.0,66.40639566666664,82.6558567238794,74.86988375367878,100.0,70.5599047142818,90.0,LiFeBO3,,BELOW_REFERENCE_MEDIAN,-17.107549455954455
77,mp-765346,LiV(SiO3)2,20,,PROMISING,3,FORMULA_FAMILY_MATCH,PROMISING,77.58467482920013,77.58467482920013,1.0,insertion,Li0-1V(SiO3)2,mp-aaabrqeb;mp-aaabroek,"{'V': 1.0, 'Si': 2.0, 'O': 6.0}",V(SiO3)2,V(SiO3)2,LiV(SiO3)2,mp-aaabrqeb,mp-aaabroek,3.374197618333331,127.5957815041278,413.47866298780286,430.5333820606081,1395.1587198850943,0.0,0.1,0.1,1.0,0.0,0.018444969582438,0.074852819583338,0.0,91.19383328333316,63.7978907520639,62.843341860606415,100.0,70.0883082499972,100.0,LiV(SiO3)2,,BELOW_REFERENCE_MEDIAN,-17.921282798455636
78,mp-26003,LiFe(PO3)3,70,,PROMISING,3,FORMULA_FAMILY_MATCH,PROMISING,77.34238735644571,77.34238735644571,1.0,insertion,Li0-1Fe(PO3)3,mp-aaaabllm;mp-aaaewrmf;mp-aaabcrvn,"{'Fe': 1.0, 'P': 3.0, 'O': 9.0}",Fe(PO3)3,Fe(PO3)3,LiFe(PO3)3,mp-aaaabllm,mp-aaabcrvn,3.6850577958333353,89.42713542137633,272.6316249101591,329.54416254358625,1004.6632947658916,0.0,0.071428571428571,0.071428571428571,1.0,0.0,0.024122449456892,0.015117229102563,0.003014160892856,100.0,41.54170833710107,45.17022844512759,100.0,100.0,100.0,LiFe(PO3)3,,BELOW_REFERENCE_MEDIAN,-18.163570271210048
79,mp-1280510,Li2Ni3TeO8,369,,PROMISING,1,FORMULA_FAMILY_MATCH,PROMISING,77.0781927560714,77.0781927560714,1.0,insertion,Li2-4Ni3TeO8,mp-aaabrdhu;mp-aaacozxw;mp-aaabrbql,"{'Ni': 3.0, 'Te': 1.0, 'O': 8.0}",Ni3TeO8,Li2Ni3TeO8,Li4Ni3TeO8,mp-aaabrdhu,mp-aaabrbql,3.680825623333331,116.67036455891196,581.0055838730192,429.4432673520841,2138.580240419552,0.142857142857142,0.25,0.107142857142858,2.0,1.263033499999991,0.030350762414901,0.080161317142856,0.043624319062499,100.0,58.33518227945598,62.65257178661472,100.0,66.9032097142864,90.0,Li2Ni3TeO8,,BELOW_REFERENCE_MEDIAN,-18.42776487158436
80,mp-774432,K2Li3NiO4,296,,PROMISING,1,FORMULA_FAMILY_MATCH,PROMISING,77.01667175711528,77.01667175711528,1.0,insertion,Li2-3K2NiO4,mp-aaabrzmy;mp-aaabrmuo;mp-aaabsbpw,"{'K': 2.0, 'Ni': 1.0, 'O': 4.0}",K2NiO4,K2Li2NiO4,K2Li3NiO4,mp-aaabrzmy,mp-aaabsbpw,3.421978100833333,120.88497864046144,357.67298344907294,413.6657496273643,1223.949116622451,0.222222222222222,0.3,0.077777777777778,1.0,0.0,0.026262209883304,0.074648506296294,0.0,94.53846705833332,60.44248932023072,59.89150618478875,100.0,70.2108962222236,100.0,K2Li3NiO4,,BELOW_REFERENCE_MEDIAN,-18.489285870540485
81,mp-26965,Li2CrP2O7,48,,PROMISING,4,FORMULA_FAMILY_MATCH,PROMISING,75.73879823680572,75.73879823680572,1.0,insertion,Li1.5-2.5CrPCO7,mp-aaabrlbl;mp-aaabsejd;mp-aaaablrb;mp-aaacozjr,"{'Cr': 1.0, 'P': 1.0, 'C': 1.0, 'O': 7.0}",CrPCO7,Li3Cr2P2(CO7)2,Li5Cr2P2(CO7)2,mp-aaabrlbl,mp-aaacozjr,3.262815258333352,119.47406546984529,318.82952975820774,389.821803790129,1040.2818545023276,0.130434782608695,0.2,0.069565217391305,2.0,3.175004080000064,0.039191745605243,0.048102542028983,0.054431542162502,83.39706808333463,59.73703273492264,55.71881566327258,100.0,82.3410747024988,90.0,Li2CrP2O7,,BELOW_REFERENCE_MEDIAN,-19.76715939085004
82,mp-26015,LiCo(PO3)3,78,,PROMISING,4,FORMULA_FAMILY_MATCH,PROMISING,75.67498899567464,75.67498899567464,1.0,insertion,Li0-1Co(PO3)3,mp-aaabhgob;mp-aaabhgxm,"{'Co': 1.0, 'P': 3.0, 'O': 9.0}",Co(PO3)3,Co(PO3)3,LiCo(PO3)3,mp-aaabhgob,mp-aaabhgxm,4.571968950833342,88.51505655947788,216.1693857994988,404.68809027119,988.3197199960224,0.0,0.071428571428571,0.071428571428571,1.0,0.0,0.041724363629694,0.0,0.0236735530357,79.24248393333265,40.812045247582304,58.32041579745825,100.0,100.0,100.0,LiCo(PO3)3,,BELOW_REFERENCE_MEDIAN,-19.830968631981122
83,mp-1222696,Li5Mn5(SeO3)8,269,,PROMISING,1,FORMULA_FAMILY_MATCH,PROMISING,75.62731989942775,75.62731989942775,1.0,insertion,Li0-5Mn5(SeO3)8,mp-aaabsfbf;mp-aaabscal,"{'Mn': 5.0, 'Se': 8.0, 'O': 24.0}",Mn5(SeO3)8,Mn5(SeO3)8,Li5Mn5(SeO3)8,mp-aaabsfbf,mp-aaabscal,4.140255915333329,101.13302212131994,374.3942967475439,418.7165930733313,1550.0882017760805,0.0,0.119047619047619,0.119047619047619,1.0,0.0,0.041452447048593,0.080342192252257,9.546416665973116e-05,100.0,50.56651106065997,60.77540378783297,100.0,66.7946846486458,100.0,Li5Mn5(SeO3)8,,BELOW_REFERENCE_MEDIAN,-19.878637728228014
84,mp-867665,LiV3(OF3)2,13,,PROMISING,2,FORMULA_FAMILY_MATCH,PROMISING,75.49478935421975,75.49478935421975,1.0,insertion,Li0-1V3(OF3)2,mp-aaadlgsv;mp-aaabrmrl;mp-aaadllzb;mp-aaabxjnt,"{'V': 3.0, 'O': 2.0, 'F': 6.0}",V3(OF3)2,V3(OF3)2,LiV3(OF3)2,mp-aaadlgsv,mp-aaabxjnt,3.866034328333346,87.65680286305748,324.3805589808305,338.88420898052897,1254.0663764638502,0.0,0.083333333333333,0.083333333333333,1.0,0.0,0.006222531792961,0.040760386818233,0.0,100.0,40.12544229044599,46.80473657159257,100.0,90.5437679090602,100.0,LiV3(OF3)2,,BELOW_REFERENCE_MEDIAN,-20.011168273436013
85,mp-26127,LiVPO4,53,,PROMISING,4,FORMULA_FAMILY_MATCH,PROMISING,75.38525474312404,75.38525474312404,1.0,insertion,Li0-1VPO4,mp-aaaabmqg;mp-aaabqxez;mp-aaaablpu,"{'V': 1.0, 'P': 1.0, 'O': 4.0}",VPO4,VPO4,LiVPO4,mp-aaaabmqg,mp-aaaablpu,2.408275798333332,175.3405559707997,580.1286881650043,422.268417410788,1397.109879626645,0.0,0.142857142857142,0.142857142857142,2.0,0.079429090000004,0.042051367497579,0.026620015416668,0.006279420000014,31.33103193333328,87.67027798539985,61.3969730468879,100.0,99.0279907499992,90.0,LiVPO4,,BELOW_REFERENCE_MEDIAN,-20.120702884531724
86,mp-26967,LiCr4(PO4)3,79,,PROMISING,6,FORMULA_FAMILY_MATCH,PROMISING,74.54477924704746,74.54477924704746,1.0,insertion,Li1-3Cr2(PO4)3,mp-aaaabnom;mp-aaabrpsy;mp-aaaabnol,"{'Cr': 2.0, 'P': 3.0, 'O': 12.0}",Cr2(PO4)3,LiCr2(PO4)3,Li3Cr2(PO4)3,mp-aaaabnom,mp-aaaabnol,4.745998995833338,130.82531349913754,441.0128546333961,620.8968064964884,2093.0465652396915,0.055555555555555,0.15,0.094444444444445,2.0,0.503327996666674,0.036947269162228,0.101774119027787,0.034808356624999,65.32008033333298,65.41265674956877,90.11210081206104,100.0,54.37905834027455,90.0,LiCr4(PO4)3,,BELOW_REFERENCE_MEDIAN,-20.961178380608303
87,mp-25812,LiV2P5O16,40,,PROMISING,1,FORMULA_FAMILY_MATCH,PROMISING,74.49827303362387,74.49827303362387,1.0,insertion,Li0-3V2P5O16,mp-aaaabnzi;mp-aaaabmeu;mp-aaaabmet,"{'V': 2.0, 'P': 5.0, 'O': 16.0}",V2P5O16,V2P5O16,Li3V2P5O16,mp-aaaabnzi,mp-aaaabmet,2.701183733333336,150.69281491589695,411.6617331374914,407.048980381032,1111.9739771868008,0.0,0.115384615384615,0.115384615384615,2.0,1.604672535000006,0.029281678833604,0.004774376231857,0.035266063094183,47.07102400000017,75.34640745794847,58.7335715666806,100.0,93.8403621434902,90.0,LiV2P5O16,,BELOW_REFERENCE_MEDIAN,-21.007684594031886
88,mp-1173879,Li2CoO3,256,,PROMISING,1,FORMULA_FAMILY_MATCH,PROMISING,73.09067579166631,73.09067579166631,1.0,insertion,Li2-3.5CoO3,mp-aaabsago;mp-aaabqvoi;mp-aaabqvko;mp-aaabxjno;mp-aaabwipq,"{'Co': 1.0, 'O': 3.0}",CoO3,Li2CoO3,Li7(CoO3)2,mp-aaabsago,mp-aaabwipq,2.307199141666662,306.36124127244176,932.7275493449804,706.8363929037108,2151.988201257588,0.333333333333333,0.466666666666666,0.133333333333333,1.0,0.0,0.093650666165326,0.148098819166671,0.122671276500001,27.287965666666487,100.0,100.0,100.0,38.165413291665146,100.0,Li2CoO3,,BELOW_REFERENCE_MEDIAN,-22.415281835989447
89,mp-26997,LiCo(PO3)4,92,,PROMISING,9,FORMULA_FAMILY_MATCH,PROMISING,72.87990209028276,72.87990209028276,1.0,insertion,Li0-2Co(PO3)4,mp-aaaabncq;mp-aaaabutn;mp-aaaabmzv,"{'Co': 1.0, 'P': 4.0, 'O': 12.0}",Co(PO3)4,Co(PO3)4,Li2Co(PO3)4,mp-aaaabncq,mp-aaaabmzv,5.298443423333329,137.90209069890864,357.8748669470441,730.6664255275488,1896.179735151856,0.0,0.105263157894736,0.105263157894736,2.0,0.25862975999999,0.005346175779781,0.068600825441179,0.01301099021929,24.108960366666963,68.95104534945432,100.0,100.0,73.8395047352926,90.0,LiCo(PO3)4,,BELOW_REFERENCE_MEDIAN,-22.626055537373006
90,mp-5670,LiTi2O4,3,,PROMISING,6,FORMULA_FAMILY_MATCH,PROMISING,72.47132115710457,72.47132115710457,1.0,insertion,Li0-1TiO2,mp-aaaaaapa;mp-aaaabzie;mp-aaacpxga;mp-aaabmloe;mp-aaacpwnl;mp-aaabrdjo;mp-aaaaceqi,"{'Ti': 1.0, 'O': 2.0}",TiO2,TiO2,LiTiO2,mp-aaaaaapa,mp-aaaaceqi,1.431707528333331,308.7486365741381,1255.594450369742,442.0377473458453,1797.644027127911,0.0,0.25,0.25,2.0,0.277641040000006,0.018046151721657,0.006397966666666,0.0,0.0,100.0,64.85660578552293,100.0,100.0,90.0,LiTi2O4,,BELOW_REFERENCE_MEDIAN,-23.03463647055119
91,mp-38280,LiTiO2,19,,PROMISING,11,FORMULA_FAMILY_MATCH,PROMISING,72.47132115710457,72.47132115710457,1.0,insertion,Li0-1TiO2,mp-aaaaaapa;mp-aaaabzie;mp-aaacpxga;mp-aaabmloe;mp-aaacpwnl;mp-aaabrdjo;mp-aaaaceqi,"{'Ti': 1.0, 'O': 2.0}",TiO2,TiO2,LiTiO2,mp-aaaaaapa,mp-aaaaceqi,1.431707528333331,308.7486365741381,1255.594450369742,442.0377473458453,1797.644027127911,0.0,0.25,0.25,2.0,0.277641040000006,0.018046151721657,0.006397966666666,0.0,0.0,100.0,64.85660578552293,100.0,100.0,90.0,LiTiO2,,BELOW_REFERENCE_MEDIAN,-23.03463647055119
92,mp-674219,LiCr3O8,213,,PROMISING,3,FORMULA_FAMILY_MATCH,PROMISING,72.31287618244072,72.31287618244072,1.0,insertion,Li0-1Cr3O8,mp-aaaewivk;mp-aaabqyrq;mp-aaabmjjn,"{'Cr': 3.0, 'O': 8.0}",Cr3O8,Cr3O8,LiCr3O8,mp-aaaewivk,mp-aaabmjjn,4.722374733333344,92.1252116798822,296.6257967610144,435.0497719400616,1400.778167879086,0.0,0.083333333333333,0.083333333333333,1.0,0.0,0.090352278229007,0.046632533090909,0.0,67.2100213333325,43.70016934390576,63.63371008951078,100.0,87.0204801454546,100.0,LiCr3O8,,BELOW_REFERENCE_MEDIAN,-23.193081445215043
93,mp-26977,LiMn2P3O10,59,,PROMISING,2,FORMULA_FAMILY_MATCH,PROMISING,72.29975570939844,72.29975570939844,1.0,insertion,Li0-1Mn2P3O10,mp-aaaabnxq;mp-aaaabnxp,"{'Mn': 2.0, 'P': 3.0, 'O': 10.0}",Mn2P3O10,Mn2P3O10,LiMn2P3O10,mp-aaaabnxq,mp-aaaabnxp,4.38721299333334,72.48886731348593,235.93750722908004,318.0241005497419,1035.1080973300989,0.0,0.0625,0.0625,1.0,0.0,0.017699153640052,0.030175930666668,0.0,93.4590254999995,27.991093850788744,43.15421759620483,100.0,96.8944415999992,100.0,LiMn2P3O10,,BELOW_REFERENCE_MEDIAN,-23.20620191825732
94,mp-773051,Li2Mn3(SeO3)4,271,,PROMISING,1,FORMULA_FAMILY_MATCH,PROMISING,72.228035738153,72.228035738153,1.0,insertion,Li0-2Mn3(SeO3)4,mp-aaabrzpn;mp-aaabrzot,"{'Mn': 3.0, 'Se': 4.0, 'O': 12.0}",Mn3(SeO3)4,Mn3(SeO3)4,Li2Mn3(SeO3)4,mp-aaabrzpn,mp-aaabrzot,3.830800208333333,78.07822738123598,291.07834517152867,299.1020897183362,1115.062985324414,0.0,0.095238095238095,0.095238095238095,1.0,0.0,0.026766008198522,0.043571368596485,0.0,100.0,32.46258190498878,39.82041794366724,100.0,88.85717884210901,100.0,Li2Mn3(SeO3)4,,BELOW_REFERENCE_MEDIAN,-23.277921889502764
95,mp-27007,LiFe2P3O10,86,,PROMISING,1,FORMULA_FAMILY_MATCH,PROMISING,70.86914694660487,70.86914694660487,1.0,insertion,Li0-1Fe2P3O10,mp-aaaabnyu;mp-aaaabnyt,"{'Fe': 2.0, 'P': 3.0, 'O': 10.0}",Fe2P3O10,Fe2P3O10,LiFe2P3O10,mp-aaaabnyu,mp-aaaabnyt,3.886222098333339,72.13497255995688,240.55947755554268,280.33252442517346,934.8675576398728,0.0,0.0625,0.0625,1.0,0.0,0.029773622974997,0.040714580333293,0.0,100.0,27.707978047965504,36.06650488503469,100.0,90.5712518000242,100.0,LiFe2P3O10,,BELOW_REFERENCE_MEDIAN,-24.63681068105089
96,mp-19219,Li3VO4,77,,PROMISING,4,FORMULA_FAMILY_MATCH,PROMISING,70.1569471017534,70.1569471017534,1.0,insertion,Li1.5-2VO2F,mp-aaabreyg;mp-aaabrgfb;mp-aaabrdoz;mp-aaabrgfz;mp-aaabrgph;mp-aaabrget;mp-aaabqwcm,"{'V': 1.0, 'O': 2.0, 'F': 1.0}",VO2F,Li3V2(O2F)2,Li2VO2F,mp-aaabreyg,mp-aaabqwcm,3.21946023833333,115.7024625341935,399.65628635507545,372.4994776060879,1286.677522920125,0.272727272727272,0.333333333333333,0.0606060606060609,1.0,0.0,0.039739249893949,0.091860201704547,0.009730130833332,80.36221668333312,57.85123126709675,52.68740858106538,100.0,59.8838789772718,100.0,Li3VO4,,BELOW_REFERENCE_MEDIAN,-25.349010525902358
97,mp-21778,Li2Fe2(MoO4)3,165,,PROMISING,1,FORMULA_FAMILY_MATCH,PROMISING,69.9752053873302,69.9752053873302,1.0,insertion,Li0-2Fe2(MoO4)3,mp-aaaabglh;mp-aaaabgfq,"{'Fe': 2.0, 'Mo': 3.0, 'O': 12.0}",Fe2(MoO4)3,Fe2(MoO4)3,Li2Fe2(MoO4)3,mp-aaaabglh,mp-aaaabgfq,3.12444551708332,88.5436210006062,293.99685255341603,276.6497197016686,918.5771479971266,0.0,0.105263157894736,0.105263157894736,1.0,0.0,0.016690475530926,0.0,0.0,73.7111861958324,40.83489680048496,35.32994394033372,100.0,100.0,100.0,Li2Fe2(MoO4)3,,BELOW_REFERENCE_MEDIAN,-25.530752240325555
98,mp-559240,Li2MnSiO4,39,,PROMISING,9,FORMULA_FAMILY_MATCH,PROMISING,69.2954805592229,69.2954805592229,1.0,insertion,Li1.5-2MnSiO4,mp-aaabqxir;mp-aaabfvhg,"{'Mn': 1.0, 'Si': 1.0, 'O': 4.0}",MnSiO4,Li3Mn2(SiO4)2,Li2MnSiO4,mp-aaabqxir,mp-aaabfvhg,4.175312823333319,83.28451611484627,254.0335402451265,347.73890811942806,1060.6694981422374,0.2,0.25,0.0499999999999999,1.0,0.0,0.004415864907834,0.089174198361104,0.0,100.0,36.62761289187701,48.35430892089991,100.0,61.4954809833376,100.0,Li2MnSiO4,,BELOW_REFERENCE_MEDIAN,-26.210477068432866
99,mp-25991,Li2Ni3(P2O7)2,104,,PROMISING,2,FORMULA_FAMILY_MATCH,PROMISING,68.95488151580507,68.95488151580507,1.0,insertion,Li0-2Ni3(P2O7)2,mp-aaaabmls;mp-aaaabmlr,"{'Ni': 3.0, 'P': 4.0, 'O': 14.0}",Ni3(P2O7)2,Ni3(P2O7)2,Li2Ni3(P2O7)2,mp-aaaabmls,mp-aaaabmlr,5.060933100833329,99.6617590426219,350.00625011068144,504.38149522608046,1771.3582166836966,0.0,0.08695652173913,0.08695652173913,1.0,0.0,0.002121583111222,0.060395615833332,0.0,40.73468294166699,49.72940723409752,75.54768690326006,100.0,78.7626305000008,100.0,Li2Ni3(P2O7)2,,BELOW_REFERENCE_MEDIAN,-26.55107611185069
100,mp-756415,LiNbFeO4,81,,PROMISING,1,FORMULA_FAMILY_MATCH,PROMISING,68.91974672887308,68.91974672887308,1.0,insertion,Li0-1NbFeO4,mp-aaabqxso;mp-aaabrayx,"{'Nb': 1.0, 'Fe': 1.0, 'O': 4.0}",NbFeO4,NbFeO4,LiNbFeO4,mp-aaabqxso,mp-aaabrayx,3.176276870833338,121.99683001183708,535.5622515479131,387.4957094815846,1701.0939924830627,0.0,0.142857142857142,0.142857142857142,1.0,0.0,0.013395259562806,0.111573747083326,0.0,77.33938095833366,60.99841500591854,55.3117491592773,100.0,50.949188520835904,100.0,LiNbFeO4,,BELOW_REFERENCE_MEDIAN,-26.58621089878268
101,mp-26975,Li9Cr3P8O29,35,,PROMISING,1,FORMULA_FAMILY_MATCH,PROMISING,68.19157046110448,68.19157046110448,1.0,insertion,Li6-9Cr3P8O29,mp-aaaabnxo;mp-aaaabnxn,"{'Cr': 3.0, 'P': 8.0, 'O': 29.0}",Cr3P8O29,Li6Cr3P8O29,Li9Cr3P8O29,mp-aaaabnxo,mp-aaaabnxn,4.9263211299999865,86.4350147617597,232.1136755174492,425.8066395927175,1143.4665042635704,0.130434782608695,0.183673469387755,0.0532386867790599,1.0,0.0,0.016789182420047,0.04350105172102,0.0,50.89430960000108,39.14801180940776,62.016161928725566,100.0,88.899368967388,100.0,Li9Cr3P8O29,,BELOW_REFERENCE_MEDIAN,-27.314387166551285
102,mp-757868,K2Li3CoO4,260,,PROMISING,1,FORMULA_FAMILY_MATCH,PROMISING,68.10144534625236,68.10144534625236,1.0,insertion,Li2-3K2CoO4,mp-aaabricr;mp-aaabrbxn;mp-aaabrdcu,"{'K': 2.0, 'Co': 1.0, 'O': 4.0}",K2CoO4,K2Li2CoO4,K2Li3CoO4,mp-aaabricr,mp-aaabrdcu,2.559162840833335,120.75437462214876,351.52257397556485,309.030108401071,899.6035090323527,0.222222222222222,0.3,0.077777777777778,1.0,0.0,0.029163260974814,0.019667674537035,0.0,38.54977045000011,60.37718731107438,41.58026897018743,100.0,100.0,100.0,K2Li3CoO4,,BELOW_REFERENCE_MEDIAN,-27.4045122814034
103,mp-21650,Li2NiGe3O8,144,,PROMISING,1,FORMULA_FAMILY_MATCH,PROMISING,67.34865539615933,67.34865539615933,1.0,insertion,Li0-2NiGe3O8,mp-aaabexkp;mp-aaaabgas,"{'Ni': 1.0, 'Ge': 3.0, 'O': 8.0}",NiGe3O8,NiGe3O8,Li2NiGe3O8,mp-aaabexkp,mp-aaaabgas,5.022759379583332,128.08641888426592,621.4802865319476,643.3472618481863,3121.545938404477,0.0,0.142857142857142,0.142857142857142,1.0,0.0,0.069880734169379,0.153214810347218,0.0,43.406843429166784,64.04320944213296,92.9184077310233,100.0,36.374816378473696,100.0,Li2NiGe3O8,,BELOW_REFERENCE_MEDIAN,-28.15730223149643
104,mp-766101,Li2FeP2HO8,95,,PROMISING,1,FORMULA_FAMILY_MATCH,PROMISING,67.2366236219393,67.2366236219393,1.0,insertion,Li1-2FeP2HO8,mp-aaabrelc;mp-aaabrphl,"{'Fe': 1.0, 'P': 2.0, 'H': 1.0, 'O': 8.0}",FeP2HO8,LiFeP2HO8,Li2FeP2HO8,mp-aaabrelc,mp-aaabrphl,5.147194610833329,102.81464370251489,306.2232485738803,529.2069799803335,1576.1906547713515,0.076923076923076,0.142857142857142,0.0659340659340659,1.0,0.0,0.002151764852972,0.072619089134616,0.0,34.696377241666994,51.40732185125744,78.65087249754168,100.0,71.42854651923041,100.0,Li2FeP2HO8,,BELOW_REFERENCE_MEDIAN,-28.26933400571646
105,mp-1280709,LiV3Zn2O8,114,,PROMISING,1,FORMULA_FAMILY_MATCH,PROMISING,66.90629810855471,66.90629810855471,1.0,insertion,Li0-1V3Zn2O8,mp-aaabragw;mp-aaacuwob;mp-aaacvltl;mp-aaabqxnc;mp-aaacwcti,"{'V': 3.0, 'Zn': 2.0, 'O': 8.0}",V3Zn2O8,V3Zn2O8,LiV3Zn2O8,mp-aaabragw,mp-aaacuwob,3.594559968333333,64.02973000146422,295.0545377092644,230.15870424645507,1060.5912297248196,0.0,0.071428571428571,0.071428571428571,1.0,0.0,0.013979280650615,0.046206723846148,0.0,100.0,21.22378400117137,26.031740849291012,100.0,87.2759656923112,100.0,LiV3Zn2O8,,BELOW_REFERENCE_MEDIAN,-28.599659519101053
106,mp-26001,LiNi(PO3)3,80,,PROMISING,6,FORMULA_FAMILY_MATCH,PROMISING,66.74263644890635,66.74263644890635,1.0,insertion,Li0-1Ni(PO3)3,mp-aaaabnsk;mp-aaaabnsj,"{'Ni': 1.0, 'P': 3.0, 'O': 9.0}",Ni(PO3)3,Ni(PO3)3,LiNi(PO3)3,mp-aaaabnsk,mp-aaaabnsj,5.066259283333328,88.58521173357572,219.26584389941945,448.79565131127646,1110.8576171733505,0.0,0.071428571428571,0.071428571428571,1.0,0.0,0.010084422283953,0.047593460480782,0.028720952500012,40.36185016666704,40.86816938686057,66.03923897947338,100.0,86.4439237115308,100.0,LiNi(PO3)3,,BELOW_REFERENCE_MEDIAN,-28.763321178749408
107,mp-25423,LiVPO4F,24,,PROMISING,1,FORMULA_FAMILY_MATCH,PROMISING,66.08189254953642,66.08189254953642,1.0,insertion,Li1-2VPO4F,mp-aaaablpv;mp-aaabsexn;mp-aaabseaq,"{'V': 1.0, 'P': 1.0, 'O': 4.0, 'F': 1.0}",VPO4F,LiVPO4F,Li2VPO4F,mp-aaaablpv,mp-aaabseaq,2.00743891208332,149.90207329892138,455.29942672646064,300.9192549422209,913.9857858599256,0.125,0.222222222222222,0.0972222222222219,1.0,0.0,0.063281643720253,0.0,0.017004511764407,15.2975564833328,74.95103664946069,40.16086961488866,100.0,100.0,100.0,LiVPO4F,,BELOW_REFERENCE_MEDIAN,-29.42406507811934
108,mp-18722,Cs2LiMnO4,224,,PROMISING,1,FORMULA_FAMILY_MATCH,MODERATE,64.31220309890679,64.31220309890679,1.0,insertion,Li0-1Cs2MnO4,mp-aaabqzas;mp-aaaabbsc,"{'Cs': 2.0, 'Mn': 1.0, 'O': 4.0}",Cs2MnO4,Cs2MnO4,Cs2LiMnO4,mp-aaabqzas,mp-aaaabbsc,3.164047273333342,68.42566537403268,284.2972506361538,216.5020399527278,899.5299406914884,0.0,0.125,0.125,1.0,0.0,0.026893950796789,0.029938723214286,0.0,76.48330913333393,24.74053229922614,23.30040799054556,100.0,97.0367660714284,100.0,Cs2LiMnO4,,BELOW_REFERENCE_MEDIAN,-31.19375452874897
109,mp-549671,KLiMnO2,232,,PROMISING,2,FORMULA_FAMILY_MATCH,MODERATE,63.50277589610574,63.50277589610574,1.0,insertion,Li0-1KMnO2,mp-aaaablum;mp-aaabfhdf,"{'K': 1.0, 'Mn': 1.0, 'O': 2.0}",KMnO2,KMnO2,KLiMnO2,mp-aaaablum,mp-aaabfhdf,2.435533045833332,201.551046207302,627.4004123293942,490.8842334601649,1528.0544371976978,0.0,0.2,0.2,1.0,0.0,0.019611449569086,0.241560916041667,0.0,32.42132183333329,100.0,73.40474085552887,100.0,11.687816791666602,100.0,KLiMnO2,,BELOW_REFERENCE_MEDIAN,-32.00318173155002
110,mp-26005,LiMn6P7O24,62,,PROMISING,1,FORMULA_FAMILY_MATCH,MODERATE,62.65615038532519,62.65615038532519,1.0,insertion,Li0-1Mn6P7O24,mp-aaabcrvc;mp-aaaabmmf,"{'Mn': 6.0, 'P': 7.0, 'O': 24.0}",Mn6P7O24,Mn6P7O24,LiMn6P7O24,mp-aaabcrvc,mp-aaaabmmf,3.967335698333333,28.592174616624867,94.82146168251433,113.43475504951604,376.1885699011854,0.0,0.026315789473684,0.026315789473684,1.0,0.0,0.026426335313874,0.003451735405356,0.0,100.0,5.718434923324973,7.562317003301069,100.0,100.0,100.0,LiMn6P7O24,,BELOW_REFERENCE_MEDIAN,-32.84980724233057
111,mp-560465,K11LiMn4O16,243,,PROMISING,1,FORMULA_FAMILY_MATCH,MODERATE,62.2164462103018,62.2164462103018,1.0,insertion,Li0-1K11Mn4O16,mp-aaabsdgl;mp-aaabfxcj,"{'K': 11.0, 'Mn': 4.0, 'O': 16.0}",K11Mn4O16,K11Mn4O16,K11LiMn4O16,mp-aaabsdgl,mp-aaabfxcj,3.477184883333341,29.36296272197051,78.85431261977921,102.10045010671628,274.19102382713777,0.0,0.03125,0.03125,1.0,0.0,0.004020882976253,0.0,0.0,98.40294183333388,5.872592544394102,6.806696673781085,100.0,100.0,100.0,K11LiMn4O16,,BELOW_REFERENCE_MEDIAN,-33.289511417353964
112,mp-554324,LiCa9Mn(PO4)7,6,,PROMISING,1,FORMULA_FAMILY_MATCH,MODERATE,59.90517323111186,59.90517323111186,1.0,insertion,Li0-1Ca9Mn(PO4)7,mp-aaabsktl;mp-aaabfoae,"{'Ca': 9.0, 'Mn': 1.0, 'P': 7.0, 'O': 28.0}",Ca9Mn(PO4)7,Ca9Mn(PO4)7,LiCa9Mn(PO4)7,mp-aaabsktl,mp-aaabfoae,4.469982438333322,24.647746762234465,75.2461229054611,110.17499517167506,336.3488479400819,0.0,0.021739130434782,0.021739130434782,1.0,0.0,0.001745619319847,0.019003265567122,0.0,87.25131712500081,4.929549352446893,7.344999678111671,100.0,100.0,100.0,LiCa9Mn(PO4)7,,BELOW_REFERENCE_MEDIAN,-35.6007843965439
113,mp-556550,Li2NiO3,336,,PROMISING,1,FORMULA_FAMILY_MATCH,MODERATE,59.44502888090767,59.44502888090767,1.0,insertion,Li0.67-1NiBO3,mp-aaacpalo;mp-aaabrfry;mp-aaabqzgx,"{'Ni': 1.0, 'B': 1.0, 'O': 3.0}",NiBO3,Li2Ni3(BO3)3,LiNiBO3,mp-aaacpalo,mp-aaabqzgx,4.763462073333347,71.79016878694149,257.31364617115645,341.96974625479527,1225.70379448742,0.117647058823529,0.166666666666666,0.049019607843137,1.0,0.0,0.001379148808547,0.094124550588227,0.015267630694448,63.92303413333224,27.432135029553194,47.34470559458917,100.0,58.52526964706381,100.0,Li2NiO3,,BELOW_REFERENCE_MEDIAN,-36.06092874674809
114,mp-558555,LiFe(SeO3)2,335,,PROMISING,1,FORMULA_FAMILY_MATCH,MODERATE,58.77149484277472,58.77149484277472,1.0,insertion,Li0-1Fe(SeO3)2,mp-aaaabljp;mp-aaabfugx,"{'Fe': 1.0, 'Se': 2.0, 'O': 6.0}",Fe(SeO3)2,Fe(SeO3)2,LiFe(SeO3)2,mp-aaaabljp,mp-aaabfugx,5.054418733333333,84.62670679276157,297.84474227869714,427.7388121536413,1505.4320449982854,0.0,0.1,0.1,1.0,0.0,0.01786371086121,0.106825348611113,0.0,41.1906886666667,37.70136543420925,62.35429212688722,100.0,52.61112798611045,100.0,LiFe(SeO3)2,,BELOW_REFERENCE_MEDIAN,-36.73446278488104
115,mp-867580,Li2Cr5(Si2O7)2,47,,PROMISING,2,FORMULA_FAMILY_MATCH,MODERATE,58.16954047152032,58.16954047152032,1.0,insertion,Li0-2Cr5(Si2O7)2,mp-aaabrcev;mp-aaabxjkm,"{'Cr': 5.0, 'Si': 4.0, 'O': 14.0}",Cr5(Si2O7)2,Cr5(Si2O7)2,Li2Cr5(Si2O7)2,mp-aaabrcev,mp-aaabxjkm,2.976786365833338,87.84546851533102,296.9647797487892,261.4971929766791,884.000707488896,0.0,0.08,0.08,1.0,0.0,0.009612343901525,0.100957979999998,0.0,63.60718195000028,40.27637481226482,32.29943859533582,100.0,54.6647070000007,100.0,Li2Cr5(Si2O7)2,,BELOW_REFERENCE_MEDIAN,-37.33641715613544
116,mp-17664,LiNi2P3O10,103,,PROMISING,1,FORMULA_FAMILY_MATCH,MODERATE,57.67586155470518,57.67586155470518,1.0,insertion,Li0-1Ni2P3O10,mp-aaaabljx;mp-aaaabadk,"{'Ni': 2.0, 'P': 3.0, 'O': 10.0}",Ni2P3O10,Ni2P3O10,LiNi2P3O10,mp-aaaabljx,mp-aaaabadk,5.268361598333333,71.0456523658167,254.4933688126999,374.2941866526084,1340.76309128331,0.0,0.0625,0.0625,1.0,0.0,0.019234595388082,0.054455641500001,0.0,26.214688116666707,26.83652189265335,53.00148266420647,100.0,82.3266150999994,100.0,LiNi2P3O10,,BELOW_REFERENCE_MEDIAN,-37.83009607295058
117,mp-766823,Li7Ti11O24,5,,PROMISING,2,FORMULA_FAMILY_MATCH,MODERATE,54.973238662894005,54.973238662894005,1.0,insertion,Li4-7Ti11O24,mp-aaabrfzo;mp-aaabrqxm;mp-aaabrqjf,"{'Ti': 11.0, 'O': 24.0}",Ti11O24,Li4Ti11O24,Li7Ti11O24,mp-aaabrfzo,mp-aaabrqjf,2.524116049999998,83.83238311460097,296.80148466382747,211.60266372931315,749.1613911037953,0.102564102564102,0.166666666666666,0.0641025641025639,1.0,0.0,0.005002750834358,0.059945348205122,0.0,36.44696299999989,37.06590649168078,22.32053274586263,100.0,79.0327910769268,100.0,Li7Ti11O24,,BELOW_REFERENCE_MEDIAN,-40.532718964761756
118,mp-562404,Li2Co3(SeO3)4,393,,PROMISING,1,FORMULA_FAMILY_MATCH,MODERATE,53.69447882028948,53.69447882028948,1.0,insertion,Li0-2Co3(SeO3)4,mp-aaabscwi;mp-aaabfzyy,"{'Co': 3.0, 'Se': 4.0, 'O': 12.0}",Co3(SeO3)4,Co3(SeO3)4,Li2Co3(SeO3)4,mp-aaabscwi,mp-aaabfzyy,5.04306379083332,76.73852313109884,323.80549555929736,386.99726736446974,1632.9717699279315,0.0,0.095238095238095,0.095238095238095,1.0,0.0,0.086777674608777,0.143224230953947,0.0,41.98553464166761,31.39081850487908,55.224521788782205,100.0,39.87151916611855,100.0,Li2Co3(SeO3)4,,BELOW_REFERENCE_MEDIAN,-41.81147880736628
119,mp-9172,Li4TiO4,33,,PROMISING,1,FORMULA_FAMILY_MATCH,MODERATE,52.15168700242839,52.15168700242839,1.0,insertion,Li1.33-2TiVO4,mp-aaabqwcb;mp-aaabrfzp;mp-aaabrmej;mp-aaacviqp,"{'Ti': 1.0, 'V': 1.0, 'O': 4.0}",TiVO4,Li4Ti3V3O12,Li2TiVO4,mp-aaabqwcb,mp-aaabrfzp,1.930250697083331,101.12539609011168,392.5817887950964,195.19736629576607,757.7812714839561,0.181818181818181,0.25,0.068181818181819,1.0,0.0,0.0087261159836,0.061252095340945,0.018808280156251,12.907520912499931,50.56269804505584,19.039473259153212,100.0,78.248742795433,100.0,Li4TiO4,,BELOW_REFERENCE_MEDIAN,-43.35427062522737
120,mp-756275,LiTiCrO4,22,,PROMISING,1,FORMULA_FAMILY_MATCH,MODERATE,50.70819718023183,50.70819718023183,1.0,insertion,Li1-2TiCrO4,mp-aaabratn;mp-aaabqzzb,"{'Ti': 1.0, 'Cr': 1.0, 'O': 4.0}",TiCrO4,LiTiCrO4,Li2TiCrO4,mp-aaabratn,mp-aaabqzzb,1.030354430833332,150.78808381645993,600.4475192096442,155.36517027715732,618.673761900539,0.142857142857142,0.25,0.107142857142858,1.0,0.0,0.011957939953275,0.0,0.079876816770837,0.0,75.39404190822997,11.073034055431464,100.0,67.0739099374978,100.0,LiTiCrO4,,BELOW_REFERENCE_MEDIAN,-44.79776044742393
121,mp-759849,Li2Ti6Zn3O16,15,,PROMISING,1,FORMULA_FAMILY_MATCH,LOW_PRIORITY,43.08944548626342,43.08944548626342,1.0,insertion,Li2-3Ti6Zn3O16,mp-aaabrgaz;mp-aaabrzoh;mp-aaabrzpx,"{'Ti': 6.0, 'Zn': 3.0, 'O': 16.0}",Ti6Zn3O16,Li2Ti6Zn3O16,Li3Ti6Zn3O16,mp-aaabrgaz,mp-aaabrzpx,1.650572793333315,35.25386264349883,146.3744770019112,58.18906653926887,241.6017293777477,0.074074074074074,0.107142857142857,0.033068783068783,1.0,0.0,0.002018172259212,0.0,0.013107922946419,4.517183799999449,7.050772528699766,3.879271102617925,100.0,100.0,100.0,Li2Ti6Zn3O16,,BELOW_REFERENCE_MEDIAN,-52.41651214139234
122,mp-775326,Li2Ti3NiO8,21,,PROMISING,1,FORMULA_FAMILY_MATCH,LOW_PRIORITY,37.71830227203083,37.71830227203083,1.0,insertion,Li2-2.75Ti3NiO8,mp-aaabscyg;mp-aaabrggv,"{'Ti': 3.0, 'Ni': 1.0, 'O': 8.0}",Ti3NiO8,Li2Ti3NiO8,Li11Ti12(NiO8)4,mp-aaabscyg,mp-aaabrggv,0.9278179566666572,57.53409847267695,223.25129321097577,53.38116968357741,207.13655869019647,0.142857142857142,0.186440677966101,0.043583535108959,1.0,0.0,0.001269944378766,0.0,0.076657520105932,0.0,16.02727877814156,3.5587446455718275,100.0,69.0054879364408,100.0,Li2Ti3NiO8,,BELOW_REFERENCE_MEDIAN,-57.78765535562493
123,mp-6113,LiTiAsO5,69,,PROMISING,1,FORMULA_FAMILY_MATCH,LOW_PRIORITY,33.8421471326972,33.8421471326972,1.0,insertion,Li0-0.5KTiAsO5,mp-aaaaajpo;mp-aaabrzgc,"{'K': 1.0, 'Ti': 1.0, 'As': 1.0, 'O': 5.0}",KTiAsO5,KTiAsO5,K2LiTi2(AsO5)2,mp-aaaaajpo,mp-aaabrzgc,0.8555944883333281,54.6178938412433,180.0567764751375,46.730768934942624,154.0555855391938,0.0,0.058823529411764,0.058823529411764,1.0,0.0,0.014557715197403,0.0,0.107425611443347,0.0,13.69431507299464,3.115384595662842,100.0,52.40103599482856,100.0,LiTiAsO5,,BELOW_REFERENCE_MEDIAN,-61.66381049495856
124,mp-16691,SrLi2Ti6O14,1,,PROMISING,0,NO_MP_ELECTRODE_RECORD,UNVERIFIED,,,0.0,,,,,,,,,,,,,,,,,,,,,,,,,,,,,SrLi2Ti6O14,,UNVERIFIED,
125,mp-558083,BaLi2Ti6O14,2,,PROMISING,0,NO_MP_ELECTRODE_RECORD,UNVERIFIED,,,0.0,,,,,,,,,,,,,,,,,,,,,,,,,,,,,BaLi2Ti6O14,,UNVERIFIED,
126,mp-774752,Li2MgTi3O8,4,,PROMISING,0,NO_MP_ELECTRODE_RECORD,UNVERIFIED,,,0.0,,,,,,,,,,,,,,,,,,,,,,,,,,,,,Li2MgTi3O8,,UNVERIFIED,
127,mp-6332,Li2TiSiO5,8,,PROMISING,0,NO_MP_ELECTRODE_RECORD,UNVERIFIED,,,0.0,,,,,,,,,,,,,,,,,,,,,,,,,,,,,Li2TiSiO5,,UNVERIFIED,
128,mp-769637,Li5Ti6FeO16,11,,PROMISING,0,NO_MP_ELECTRODE_RECORD,UNVERIFIED,,,0.0,,,,,,,,,,,,,,,,,,,,,,,,,,,,,Li5Ti6FeO16,,UNVERIFIED,
129,mp-774797,Li2Ti3ZnO8,12,,PROMISING,0,NO_MP_ELECTRODE_RECORD,UNVERIFIED,,,0.0,,,,,,,,,,,,,,,,,,,,,,,,,,,,,Li2Ti3ZnO8,,UNVERIFIED,
130,mp-6668,LiTiPO5,14,,PROMISING,0,NO_MP_ELECTRODE_RECORD,UNVERIFIED,,,0.0,,,,,,,,,,,,,,,,,,,,,,,,,,,,,LiTiPO5,,UNVERIFIED,
131,mp-768110,Li2Ti3CoO8,17,,PROMISING,0,NO_MP_ELECTRODE_RECORD,UNVERIFIED,,,0.0,,,,,,,,,,,,,,,,,,,,,,,,,,,,,Li2Ti3CoO8,,UNVERIFIED,
132,mp-2931,Li2TiO3,18,,PROMISING,0,NO_MP_ELECTRODE_RECORD,UNVERIFIED,,,0.0,,,,,,,,,,,,,,,,,,,,,,,,,,,,,Li2TiO3,,UNVERIFIED,
133,mp-1223017,Li2TiCr(PO4)3,23,,PROMISING,0,NO_MP_ELECTRODE_RECORD,UNVERIFIED,,,0.0,,,,,,,,,,,,,,,,,,,,,,,,,,,,,Li2TiCr(PO4)3,,UNVERIFIED,
134,mp-1199210,Li3MnP2(O3F2)2,25,,PROMISING,0,NO_MP_ELECTRODE_RECORD,UNVERIFIED,,,0.0,,,,,,,,,,,,,,,,,,,,,,,,,,,,,Li3MnP2(O3F2)2,,UNVERIFIED,
135,mp-1222972,Li2TiFe(PO4)3,28,,PROMISING,0,NO_MP_ELECTRODE_RECORD,UNVERIFIED,,,0.0,,,,,,,,,,,,,,,,,,,,,,,,,,,,,Li2TiFe(PO4)3,,UNVERIFIED,
136,mp-1195536,CsLi5Mn(P2O7)2,36,,PROMISING,0,NO_MP_ELECTRODE_RECORD,UNVERIFIED,,,0.0,,,,,,,,,,,,,,,,,,,,,,,,,,,,,CsLi5Mn(P2O7)2,,UNVERIFIED,
137,mp-777395,Li4MnV3(P2O7)4,38,,PROMISING,0,NO_MP_ELECTRODE_RECORD,UNVERIFIED,,,0.0,,,,,,,,,,,,,,,,,,,,,,,,,,,,,Li4MnV3(P2O7)4,,UNVERIFIED,
138,mp-560157,LiMgVO4,49,,PROMISING,0,NO_MP_ELECTRODE_RECORD,UNVERIFIED,,,0.0,,,,,,,,,,,,,,,,,,,,,,,,,,,,,LiMgVO4,,UNVERIFIED,
139,mp-1211546,KLi3TiO4,51,,PROMISING,0,NO_MP_ELECTRODE_RECORD,UNVERIFIED,,,0.0,,,,,,,,,,,,,,,,,,,,,,,,,,,,,KLi3TiO4,,UNVERIFIED,
140,mp-774749,RbNa3Li12Ti4O16,52,,PROMISING,0,NO_MP_ELECTRODE_RECORD,UNVERIFIED,,,0.0,,,,,,,,,,,,,,,,,,,,,,,,,,,,,RbNa3Li12Ti4O16,,UNVERIFIED,
141,mp-777961,Li4V(BO3)2,60,,PROMISING,0,NO_MP_ELECTRODE_RECORD,UNVERIFIED,,,0.0,,,,,,,,,,,,,,,,,,,,,,,,,,,,,Li4V(BO3)2,,UNVERIFIED,
142,mp-1103771,BaLi2MnV2O8,61,,PROMISING,0,NO_MP_ELECTRODE_RECORD,UNVERIFIED,,,0.0,,,,,,,,,,,,,,,,,,,,,,,,,,,,,BaLi2MnV2O8,,UNVERIFIED,
143,mp-1222830,Li2InFe(P2O7)2,66,,PROMISING,0,NO_MP_ELECTRODE_RECORD,UNVERIFIED,,,0.0,,,,,,,,,,,,,,,,,,,,,,,,,,,,,Li2InFe(P2O7)2,,UNVERIFIED,
144,mp-8294,Cs2Li2TiO4,73,,PROMISING,0,NO_MP_ELECTRODE_RECORD,UNVERIFIED,,,0.0,,,,,,,,,,,,,,,,,,,,,,,,,,,,,Cs2Li2TiO4,,UNVERIFIED,
145,mp-776870,Li2V3SnO8,90,,PROMISING,0,NO_MP_ELECTRODE_RECORD,UNVERIFIED,,,0.0,,,,,,,,,,,,,,,,,,,,,,,,,,,,,Li2V3SnO8,,UNVERIFIED,
146,mp-756117,Li2TiTeO6,96,,PROMISING,0,NO_MP_ELECTRODE_RECORD,UNVERIFIED,,,0.0,,,,,,,,,,,,,,,,,,,,,,,,,,,,,Li2TiTeO6,,UNVERIFIED,
147,mp-756138,Li2V3SbO8,97,,PROMISING,0,NO_MP_ELECTRODE_RECORD,UNVERIFIED,,,0.0,,,,,,,,,,,,,,,,,,,,,,,,,,,,,Li2V3SbO8,,UNVERIFIED,
148,mp-777670,Li4V3Cr3(SnO8)2,102,,PROMISING,0,NO_MP_ELECTRODE_RECORD,UNVERIFIED,,,0.0,,,,,,,,,,,,,,,,,,,,,,,,,,,,,Li4V3Cr3(SnO8)2,,UNVERIFIED,
149,mp-558369,K2LiVO4,105,,PROMISING,0,NO_MP_ELECTRODE_RECORD,UNVERIFIED,,,0.0,,,,,,,,,,,,,,,,,,,,,,,,,,,,,K2LiVO4,,UNVERIFIED,
150,mp-19123,Rb2LiVO4,107,,PROMISING,0,NO_MP_ELECTRODE_RECORD,UNVERIFIED,,,0.0,,,,,,,,,,,,,,,,,,,,,,,,,,,,,Rb2LiVO4,,UNVERIFIED,
151,mp-541190,Cs2LiVO4,108,,PROMISING,0,NO_MP_ELECTRODE_RECORD,UNVERIFIED,,,0.0,,,,,,,,,,,,,,,,,,,,,,,,,,,,,Cs2LiVO4,,UNVERIFIED,
152,mp-1222477,LiVZnO4,116,,PROMISING,0,NO_MP_ELECTRODE_RECORD,UNVERIFIED,,,0.0,,,,,,,,,,,,,,,,,,,,,,,,,,,,,LiVZnO4,,UNVERIFIED,
153,mp-756864,LiCrSnO4,117,,PROMISING,0,NO_MP_ELECTRODE_RECORD,UNVERIFIED,,,0.0,,,,,,,,,,,,,,,,,,,,,,,,,,,,,LiCrSnO4,,UNVERIFIED,
154,mp-1210796,Li2MnGeO4,118,,PROMISING,0,NO_MP_ELECTRODE_RECORD,UNVERIFIED,,,0.0,,,,,,,,,,,,,,,,,,,,,,,,,,,,,Li2MnGeO4,,UNVERIFIED,
155,mp-768712,Li4MnCrO6,120,,PROMISING,0,NO_MP_ELECTRODE_RECORD,UNVERIFIED,,,0.0,,,,,,,,,,,,,,,,,,,,,,,,,,,,,Li4MnCrO6,,UNVERIFIED,
156,mp-40575,LiNi2P4H3O14,122,,PROMISING,0,NO_MP_ELECTRODE_RECORD,UNVERIFIED,,,0.0,,,,,,,,,,,,,,,,,,,,,,,,,,,,,LiNi2P4H3O14,,UNVERIFIED,
157,mp-581301,Li2MgMn3O8,124,,PROMISING,0,NO_MP_ELECTRODE_RECORD,UNVERIFIED,,,0.0,,,,,,,,,,,,,,,,,,,,,,,,,,,,,Li2MgMn3O8,,UNVERIFIED,
158,mp-725121,K3LiMn4(MoO4)6,135,,PROMISING,0,NO_MP_ELECTRODE_RECORD,UNVERIFIED,,,0.0,,,,,,,,,,,,,,,,,,,,,,,,,,,,,K3LiMn4(MoO4)6,,UNVERIFIED,
159,mp-1210923,Li2FeGeO4,136,,PROMISING,0,NO_MP_ELECTRODE_RECORD,UNVERIFIED,,,0.0,,,,,,,,,,,,,,,,,,,,,,,,,,,,,Li2FeGeO4,,UNVERIFIED,
160,mp-755701,LiMnSbO4,146,,PROMISING,0,NO_MP_ELECTRODE_RECORD,UNVERIFIED,,,0.0,,,,,,,,,,,,,,,,,,,,,,,,,,,,,LiMnSbO4,,UNVERIFIED,
161,mp-561778,CsLiCrO4,147,,PROMISING,0,NO_MP_ELECTRODE_RECORD,UNVERIFIED,,,0.0,,,,,,,,,,,,,,,,,,,,,,,,,,,,,CsLiCrO4,,UNVERIFIED,
162,mp-18741,RbLiCrO4,148,,PROMISING,0,NO_MP_ELECTRODE_RECORD,UNVERIFIED,,,0.0,,,,,,,,,,,,,,,,,,,,,,,,,,,,,RbLiCrO4,,UNVERIFIED,
163,mp-555206,KLiCrO4,151,,PROMISING,0,NO_MP_ELECTRODE_RECORD,UNVERIFIED,,,0.0,,,,,,,,,,,,,,,,,,,,,,,,,,,,,KLiCrO4,,UNVERIFIED,
164,mp-530177,Li5Mn7O16,154,,PROMISING,0,NO_MP_ELECTRODE_RECORD,UNVERIFIED,,,0.0,,,,,,,,,,,,,,,,,,,,,,,,,,,,,Li5Mn7O16,,UNVERIFIED,
165,mp-559938,LiV3(TeO6)2,155,,PROMISING,0,NO_MP_ELECTRODE_RECORD,UNVERIFIED,,,0.0,,,,,,,,,,,,,,,,,,,,,,,,,,,,,LiV3(TeO6)2,,UNVERIFIED,
166,mp-690617,LiMn3Al2(HO2)6,158,,PROMISING,0,NO_MP_ELECTRODE_RECORD,UNVERIFIED,,,0.0,,,,,,,,,,,,,,,,,,,,,,,,,,,,,LiMn3Al2(HO2)6,,UNVERIFIED,
167,mp-1194281,Li2Co(SO4)2,159,,PROMISING,0,NO_MP_ELECTRODE_RECORD,UNVERIFIED,,,0.0,,,,,,,,,,,,,,,,,,,,,,,,,,,,,Li2Co(SO4)2,,UNVERIFIED,
168,mp-704943,Li2Mn3ZnO8,166,,PROMISING,0,NO_MP_ELECTRODE_RECORD,UNVERIFIED,,,0.0,,,,,,,,,,,,,,,,,,,,,,,,,,,,,Li2Mn3ZnO8,,UNVERIFIED,
169,mp-1222462,Li4CoTeO6,171,,PROMISING,0,NO_MP_ELECTRODE_RECORD,UNVERIFIED,,,0.0,,,,,,,,,,,,,,,,,,,,,,,,,,,,,Li4CoTeO6,,UNVERIFIED,
170,mp-771712,Li2Fe3SbO8,196,,PROMISING,0,NO_MP_ELECTRODE_RECORD,UNVERIFIED,,,0.0,,,,,,,,,,,,,,,,,,,,,,,,,,,,,Li2Fe3SbO8,,UNVERIFIED,
171,mp-1210977,LiMn2TeO6,197,,PROMISING,0,NO_MP_ELECTRODE_RECORD,UNVERIFIED,,,0.0,,,,,,,,,,,,,,,,,,,,,,,,,,,,,LiMn2TeO6,,UNVERIFIED,
172,mp-510641,LiFeAsO4,206,,PROMISING,0,NO_MP_ELECTRODE_RECORD,UNVERIFIED,,,0.0,,,,,,,,,,,,,,,,,,,,,,,,,,,,,LiFeAsO4,,UNVERIFIED,
173,mp-1102490,Li3Ni2SbO6,211,,PROMISING,0,NO_MP_ELECTRODE_RECORD,UNVERIFIED,,,0.0,,,,,,,,,,,,,,,,,,,,,,,,,,,,,Li3Ni2SbO6,,UNVERIFIED,
174,mp-756254,LiNiSbO4,223,,PROMISING,0,NO_MP_ELECTRODE_RECORD,UNVERIFIED,,,0.0,,,,,,,,,,,,,,,,,,,,,,,,,,,,,LiNiSbO4,,UNVERIFIED,
175,mp-756320,Li3Fe4SbO8,234,,PROMISING,0,NO_MP_ELECTRODE_RECORD,UNVERIFIED,,,0.0,,,,,,,,,,,,,,,,,,,,,,,,,,,,,Li3Fe4SbO8,,UNVERIFIED,
176,mp-1222353,LiMnRhO4,258,,PROMISING,0,NO_MP_ELECTRODE_RECORD,UNVERIFIED,,,0.0,,,,,,,,,,,,,,,,,,,,,,,,,,,,,LiMnRhO4,,UNVERIFIED,
177,mp-1211552,Li3Mn2(SeO3)4,272,,PROMISING,0,NO_MP_ELECTRODE_RECORD,UNVERIFIED,,,0.0,,,,,,,,,,,,,,,,,,,,,,,,,,,,,Li3Mn2(SeO3)4,,UNVERIFIED,
178,mp-1196748,LiMn3H6(SeO3)8,431,,PROMISING,0,NO_MP_ELECTRODE_RECORD,UNVERIFIED,,,0.0,,,,,,,,,,,,,,,,,,,,,,,,,,,,,LiMn3H6(SeO3)8,,UNVERIFIED,
179,mp-1222778,Li2Ti(IO3)6,528,,PROMISING,0,NO_MP_ELECTRODE_RECORD,UNVERIFIED,,,0.0,,,,,,,,,,,,,,,,,,,,,,,,,,,,,Li2Ti(IO3)6,,UNVERIFIED,
