shortlist_rank,week5_electrochemical_rank,material_id,formula,original_rank,original_overall_score,original_screening_status,mp_electrode_record_count,database_match_type,electrochemical_rating,electrochemical_score,electrochemical_score_raw,electrochemical_data_completeness,battery_type_formula,battery_formula_formula,electrode_material_ids,framework_formula,framework_formula_formula,formula_charge_formula,formula_discharge_formula,charged_material_id_formula,discharged_material_id_formula,average_voltage_V_formula,capacity_grav_mAh_g_formula,capacity_vol_mAh_cc_formula,energy_grav_Wh_kg_formula,energy_vol_Wh_L_formula,li_fraction_charge_formula,li_fraction_discharge_formula,li_fraction_change,num_voltage_steps_formula,max_voltage_step_V_formula,max_volume_change_percent_formula,stability_charge_eV_atom_formula,stability_discharge_eV_atom_formula,voltage_score,capacity_score,energy_score,volume_change_score,stability_score,voltage_steps_score,normalized_formula,reference_chemistry,benchmark_category,score_minus_reference_median,battery_id_queried,exact_record_found,exact_record_count,validation_error,previous_database_match_type,previous_electrochemical_score,evidence_class,exact_electrochemical_score,score_delta_vs_formula_search,exact_data_completeness,battery_type_exact,battery_formula_exact,framework_exact,framework_formula_exact,formula_charge_exact,formula_discharge_exact,charged_material_id_exact,discharged_material_id_exact,average_voltage_V_exact,capacity_grav_mAh_g_exact,capacity_vol_mAh_cc_exact,energy_grav_Wh_kg_exact,energy_vol_Wh_L_exact,li_fraction_charge_exact,li_fraction_discharge_exact,num_voltage_steps_exact,max_voltage_step_V_exact,max_volume_change_percent_exact,stability_charge_eV_atom_exact,stability_discharge_eV_atom_exact,original_pipeline_percentile,final_electrochemical_score,electrochemical_score_source,evidence_strength_score,final_selection_score,final_benchmark_category,discovery_priority_score,selection_tier,recommended_action,final_selection_rank,discovery_review_rank,week6_formula,mp_formula,mp_theoretical,icsd_count,icsd_ids,mp_reference_count,doi_count,dois,provenance_class,provenance_strength,provenance_evidence_score,provenance_query_status,provenance_query_error,exact_formula_papers,direct_cathode_papers,battery_related_papers,chemistry_only_papers,literature_total_citations,literature_evidence_score,battery_literature_class,literature_novelty_signal,crossref_raw_results_seen,crossref_error_count,crossref_errors,best_literature_title,best_literature_doi,best_literature_year,best_literature_class,mp_formula_stage63,energy_above_hull,formation_energy_per_atom_stage63,mp_is_stable_stage63,mp_theoretical_stage63,nsites_stage63,num_elements_stage63,elements_stage63,chemistry_flags,mp_metadata_status,thermodynamic_score,thermodynamic_class,provenance_support_score,literature_support_score,structural_complexity_score,synthesis_feasibility_score,synthesis_readiness_class,discovery_class,transport_mp_formula,band_gap,is_metal,is_gap_direct,transport_density,transport_mp_volume,transport_nsites,electronic_metadata_status,structure_status,structure_volume,li_site_count,li_atomic_fraction,volume_per_li,minimum_li_li_distance,mean_nearest_li_distance,li_network_class,electronic_accessibility_score,electronic_class,electronic_screening_risk,stage64_transport_class,resource_formula_parse_status,resource_elements,resource_weighted_risk,resource_practicality_score,resource_profile_class,critical_resource_count,critical_resource_fraction,highest_risk_element,highest_risk_weight,critical_commodities,resource_risk_tiers,resource_process_flags
10,18,mp-1177781,Li2VFe(P2O7)2,57,,PROMISING,1,FORMULA_FAMILY_MATCH,HIGH_PRIORITY,94.05896013981086,94.05896013981086,1.0,insertion,Li0-3VFe(P2O7)2,mp-aaabrrru;mp-aaabqvdy;mp-aaabrfzw;mp-aaacsiep;mp-aaabrgdb;mp-aaacshgs;mp-aaabrpcv;mp-aaabrfxp;mp-aaacoylv;mp-aaacshjj;mp-aaacpahh;mp-aaacozwy,"{'V': 1.0, 'Fe': 1.0, 'P': 4.0, 'O': 14.0}",VFe(P2O7)2,VFe(P2O7)2,Li3VFe(P2O7)2,mp-aaabrrru,mp-aaacozwy,3.761030858333332,169.09588810400138,476.4939383316091,635.9748531764294,1792.1084058739618,0.0,0.130434782608695,0.130434782608695,3.0,0.94992400000001,0.054003401912552,0.010630669541582,0.000288295833343,100.0,84.54794405200069,91.99685664705368,100.0,100.0,75.0,Li2VFe(P2O7)2,,BELOW_REFERENCE_MEDIAN,-1.4469974878448966,mp-1177781_Li,True,1,,FORMULA_FAMILY_MATCH,94.05896013981086,EXACT_ELECTRODE_MATCH,94.05896013981086,0.0,1.0,insertion,Li0-3VFe(P2O7)2,"{'V': 1.0, 'Fe': 1.0, 'P': 4.0, 'O': 14.0}",VFe(P2O7)2,VFe(P2O7)2,Li3VFe(P2O7)2,mp-aaabrrru,mp-aaacozwy,3.761030858333332,169.09588810400138,476.4939383316091,635.9748531764294,1792.1084058739618,0.0,0.130434782608695,3.0,0.94992400000001,0.054003401912552,0.010630669541582,0.000288295833343,69.6629213483146,94.05896013981086,EXACT_STRUCTURE,100.0,90.07090836053999,WITHIN_REFERENCE_RANGE,,TIER_2_EXACT_REFERENCE_RANGE,ADVANCE_TO_DETAILED_REVIEW,10,,Li2VFe(P2O7)2,Li2VFe(P2O7)2,True,0,,1,1,10.1063/1.4812323,COMPUTATIONAL_WITH_REFERENCES,LIMITED,6.0,SUCCESS,,0,0,0,0,0,0.0,NO_EXACT_MATCH_FOUND,INCONCLUSIVE_NO_EXACT_MATCH,75,0,,,,,,Li2VFe(P2O7)2,0.0,-2.6290119879653684,True,True,44,5,Fe;Li;O;P;V,NO_SPECIAL_COMPLEXITY_FLAG,MATCHED,45.0,ON_OR_NEAR_HULL,12.0,0.0,6.5,63.5,MODERATE_SYNTHESIS_SUPPORT,COMPUTATIONAL_DISCOVERY_PLAUSIBLE,Li2VFe(P2O7)2,2.0322000000000005,False,False,2.8833714683635625,539.6835875879509,44,MATCHED,AVAILABLE,539.6836,4,0.0909,134.9209,4.8089,4.8097,SPARSE_LI_NETWORK,55.0,MODERATE_GAP_SIGNAL,MODERATE_SCREENING_RISK,ELECTRONIC_LIMITATION_POSSIBLE,PARSED,Fe;Li;O;P;V,46.9,47.1,MORE_FAVORABLE_RESOURCE_PROFILE,3,0.875,V,70.0,Lithium;Phosphate proxy;Vanadium,Li:MODERATE;P:CRITICAL_LIST;V:ELEVATED,VANADIUM_SUPPLY_REVIEW
3,20,mp-849522,Li8V3P8O29,30,,PROMISING,1,FORMULA_FAMILY_MATCH,HIGH_PRIORITY,93.66311749236176,93.66311749236176,1.0,insertion,Li3-9V3P8O29,mp-aaacozzq;mp-aaabrgln;mp-aaabrnrk;mp-aaabxdet;mp-aaabwitx;mp-aaabreul;mp-aaabrfwn;mp-aaabxdep;mp-aaabrhrw;mp-aaabrhuu;mp-aaabrgkr;mp-aaabrcoh;mp-aaabrcti;mp-aaabsksh;mp-aaabrojw;mp-aaabxdfo;mp-aaabrnqt;mp-aaacozwl;mp-aaabskzl;mp-aaabrhud;mp-aaabrgeh;mp-aaabwirb;mp-aaabrnrm;mp-aaabxdfp;mp-aaabrhto;mp-aaabrhtn;mp-aaabrdof;mp-aaabrhtr;mp-aaabodjm;mp-aaabxdfd;mp-aaabrfjw;mp-aaabrhsb;mp-aaabvhrj;mp-aaabrhuj;mp-aaabrfkk;mp-aaacpabq;mp-aaabrhsn;mp-aaabwzvs;mp-aaabxdfg;mp-aaabroeb;mp-aaabrcqo;mp-aaabrhsf;mp-aaabrcpm;mp-aaacpaag;mp-aaabxdfm;mp-aaabxdee;mp-aaabrhrn;mp-aaacozxm;mp-aaabrevv;mp-aaacozwb;mp-aaabrgsj;mp-aaabxdef;mp-aaabrnrl;mp-aaabroeq;mp-aaabxdfl;mp-aaabrmhg;mp-aaabrflt;mp-aaabrgjv;mp-aaabwjkg;mp-aaabrhsg;mp-aaabxdfq;mp-aaacpadg;mp-aaabrhti;mp-aaabvhre;mp-aaabrogt;mp-aaabrnqv;mp-aaabrojr;mp-aaabrcib;mp-aaabrctt;mp-aaacozxs;mp-aaabrohb;mp-aaabrfqd;mp-aaabrels;mp-aaabrgjx;mp-aaabxdex;mp-aaabrogr;mp-aaabrhsa;mp-aaacozya;mp-aaabrhtg;mp-aaabrdee;mp-aaabrftc;mp-aaabxdek;mp-aaabrdja;mp-aaabrcsb;mp-aaabrhth;mp-aaabrnqw;mp-aaacozwu;mp-aaabvhri;mp-aaacozyk;mp-aaabrhkk;mp-aaabrohm;mp-aaacozkn;mp-aaacozlj;mp-aaacozsq;mp-aaabrnqq;mp-aaacozly;mp-aaabwlgn;mp-aaacozlg;mp-aaabrexi;mp-aaabrnqr;mp-aaabskvc;mp-aaabrogh;mp-aaabrogi;mp-aaabwinr;mp-aaabwlgq;mp-aaabroho;mp-aaabwljq;mp-aaabrnrr;mp-aaabwlgh;mp-aaabrnqs;mp-aaabrdxm;mp-aaacozrz;mp-aaacozkh;mp-aaacozkz;mp-aaabrohq;mp-aaacozki;mp-aaabrouk;mp-aaacozmb;mp-aaacozom;mp-aaabwlgp;mp-aaabrdnp;mp-aaabrgrm;mp-aaacozlm;mp-aaabrgld;mp-aaabrofj;mp-aaacozqu;mp-aaacozln;mp-aaabrnru;mp-aaabrfse;mp-aaabwlbe;mp-aaabrohn;mp-aaacozli;mp-aaacozqd;mp-aaabwlgo;mp-aaabsdal;mp-aaacozkp;mp-aaabrfni;mp-aaabrgde;mp-aaacozpd;mp-aaacozkv;mp-aaacozlu;mp-aaacozsj;mp-aaabrohd;mp-aaabrogu;mp-aaabscsj;mp-aaabrogy;mp-aaacozks;mp-aaacozkw;mp-aaabrgte;mp-aaacozkq;mp-aaacozla;mp-aaabrglb;mp-aaacozlo;mp-aaabrgno;mp-aaabrfwz;mp-aaacozlk;mp-aaabrgpk;mp-aaacozpo;mp-aaacozsd;mp-aaabxdey;mp-aaacozlc;mp-aaabrojn;mp-aaabwjkf;mp-aaabrnst;mp-aaabwlbd;mp-aaabsafp;mp-aaabrnrt;mp-aaacozko;mp-aaacozlq;mp-aaabwjle;mp-aaacozky;mp-aaabrnsb;mp-aaacozlb;mp-aaacozld;mp-aaabsjec;mp-aaacozck;mp-aaabwknw;mp-aaabsjbn;mp-aaabrzvs;mp-aaacozkk;mp-aaabrnsv;mp-aaacozfn;mp-aaacozic;mp-aaabsada;mp-aaabsajc;mp-aaacozgf;mp-aaabrnwc;mp-aaabwjkj;mp-aaabrfsk;mp-aaacozfh;mp-aaabrnzz;mp-aaacozfv;mp-aaacozjt;mp-aaacozke;mp-aaabrfyr;mp-aaacozgt;mp-aaabrgnv;mp-aaabrzok;mp-aaacozig;mp-aaabrfhf;mp-aaabrhkt;mp-aaabrnzn;mp-aaacozff;mp-aaacozfq;mp-aaabrfxq;mp-aaabrnuh;mp-aaacozfs;mp-aaacozlp;mp-aaacozkf;mp-aaabrnwu;mp-aaabrnuk;mp-aaacozgu;mp-aaabrnue;mp-aaacozfa;mp-aaabrzpz;mp-aaacozfk;mp-aaabrfbb;mp-aaabrgdd;mp-aaabrzqy;mp-aaabrepc;mp-aaacozjp;mp-aaabrnyq;mp-aaabrnyr;mp-aaabrggo;mp-aaabwjkh;mp-aaabsaih;mp-aaabrggp;mp-aaabrzql;mp-aaabrnxb;mp-aaacozju;mp-aaabrgjn;mp-aaabsait;mp-aaabwlae;mp-aaabrnyt;mp-aaacozgv;mp-aaacozgq;mp-aaabrgeq;mp-aaacozmw;mp-aaabrzcj;mp-aaabsaff;mp-aaabreen;mp-aaacozgo;mp-aaabrgjs;mp-aaabrnum;mp-aaacozmu;mp-aaabrnwj;mp-aaabrnxe;mp-aaabrnui;mp-aaabrfpk;mp-aaacozgi;mp-aaabrgak;mp-aaacozfm;mp-aaacozft;mp-aaacozmk;mp-aaabsdak;mp-aaabsafg;mp-aaabrffu;mp-aaacozfj;mp-aaacozgb;mp-aaabrgnu;mp-aaacozev;mp-aaabryfr;mp-aaacozde;mp-aaabrydi;mp-aaabrglo;mp-aaacoyzs;mp-aaacozep;mp-aaacozfz;mp-aaabrydw;mp-aaacozaw;mp-aaabrcdt;mp-aaabrcph;mp-aaabrfxj;mp-aaabrcdp;mp-aaabsbjt;mp-aaabrzlj;mp-aaacoyzz;mp-aaabryof;mp-aaabrzbp;mp-aaabryei;mp-aaabrxtz;mp-aaacoyzq;mp-aaacozaj;mp-aaabsanc;mp-aaabryeq;mp-aaacozaq;mp-aaacozao;mp-aaacoyzo;mp-aaabrcts;mp-aaabrctr;mp-aaacozbc;mp-aaacoyzg;mp-aaacozaa;mp-aaacoyzk;mp-aaabrydl;mp-aaabrgon;mp-aaabrddi;mp-aaabryhw;mp-aaacozbf;mp-aaabrgle;mp-aaacozaf;mp-aaabrcqa;mp-aaacoyzp;mp-aaabrxvm;mp-aaacozbg;mp-aaabryjb;mp-aaabryze;mp-aaacozag;mp-aaacoyzx;mp-aaabrzbz;mp-aaacozat;mp-aaacozhc;mp-aaabrybi;mp-aaacozhn;mp-aaacozfw;mp-aaacozal;mp-aaabcsct;mp-aaabrgjm;mp-aaacozan;mp-aaacoyzw;mp-aaabrgmy;mp-aaabryjn;mp-aaacozam;mp-aaabryza;mp-aaacozba;mp-aaacozab;mp-aaacozae;mp-aaabrzah;mp-aaabrcku;mp-aaabrzlh;mp-aaacozdp;mp-aaacoyzn;mp-aaabryvt;mp-aaacoyzy;mp-aaabrccm;mp-aaabrgqt;mp-aaabrydf;mp-aaacoyzt;mp-aaacozak;mp-aaacozhi;mp-aaacozad;mp-aaabrcsd;mp-aaabsanl;mp-aaacozac;mp-aaacozbb;mp-aaabrzmf;mp-aaabrypz;mp-aaacoyzm;mp-aaabrcoz;mp-aaacozah;mp-aaabrcma;mp-aaabrcqb;mp-aaabrcwq;mp-aaacoyxh;mp-aaabrgpj;mp-aaacozce;mp-aaabrhld;mp-aaacoyxm;mp-aaabrctx;mp-aaabrcvx;mp-aaacoyyo;mp-aaacoyyr;mp-aaabrcuo;mp-aaacoyzh;mp-aaacoyxx;mp-aaacoyyf;mp-aaabrcka;mp-aaacoyyg;mp-aaacoyxl;mp-aaabrhyd;mp-aaabwkjz;mp-aaabrcjt;mp-aaacoyyi;mp-aaabrcvn;mp-aaacoyxo;mp-aaacozaz;mp-aaacoyxz;mp-aaacoyyj;mp-aaacozes;mp-aaacoyxt;mp-aaabwklq;mp-aaabrcws;mp-aaacoyyc;mp-aaacoyyh;mp-aaacoyya;mp-aaacoyyb;mp-aaabrcfn;mp-aaabrcqu;mp-aaacpaxc;mp-aaabwiry;mp-aaabrczo;mp-aaabrcoo;mp-aaabyfhj;mp-aaabrcgh;mp-aaacoywo;mp-aaabrddr;mp-aaaabnyz,"{'V': 3.0, 'P': 8.0, 'O': 29.0}",V3P8O29,Li3V3P8O29,Li9V3P8O29,mp-aaacozzq,mp-aaaabnyz,4.142220825833329,173.45998329571643,457.1765310072272,718.5095552562179,1893.7261478203727,0.069767441860465,0.183673469387755,0.11390602752729,4.0,1.355679447499994,0.038529336063413,0.039024006976749,0.000163768248295,100.0,86.72999164785821,100.0,100.0,91.5855958139506,60.0,Li8V3P8O29,,BELOW_REFERENCE_MEDIAN,-1.8428401352939967,mp-849522_Li,True,1,,FORMULA_FAMILY_MATCH,93.66311749236176,EXACT_ELECTRODE_MATCH,93.66311749236176,-1.4210854715202004e-14,1.0,insertion,Li3-9V3P8O29,"{'V': 3.0, 'P': 8.0, 'O': 29.0}",V3P8O29,Li3V3P8O29,Li9V3P8O29,mp-aaacozzq,mp-aaaabnyz,4.142220825833329,173.45998329571643,457.1765310072272,718.5095552562179,1893.7261478203727,0.069767441860465,0.183673469387755,4.0,1.355679447499994,0.038529336063413,0.039024006976749,0.000163768248295,84.8314606741573,93.66311749236176,EXACT_STRUCTURE,100.0,92.8473185048666,WITHIN_REFERENCE_RANGE,,TIER_2_EXACT_REFERENCE_RANGE,ADVANCE_TO_DETAILED_REVIEW,3,,Li8V3P8O29,Li8V3P8O29,True,0,,1,1,10.1063/1.4812323,COMPUTATIONAL_WITH_REFERENCES,LIMITED,6.0,SUCCESS,,0,0,0,0,0,0.0,NO_EXACT_MATCH_FOUND,INCONCLUSIVE_NO_EXACT_MATCH,25,2,Li8V3P8O29: HTTP 429: Too Many Requests | Li8V3P8O29 cathode battery: HTTP 429: Too Many Requests,,,,,Li8V3P8O29,0.0,-2.7269130079960315,True,True,96,4,Li;O;P;V,NO_SPECIAL_COMPLEXITY_FLAG,MATCHED,45.0,ON_OR_NEAR_HULL,12.0,0.0,6.5,63.5,MODERATE_SYNTHESIS_SUPPORT,COMPUTATIONAL_DISCOVERY_PLAUSIBLE,Li8V3P8O29,1.0602000000000005,False,False,2.5947020252491955,1177.7104433476766,96,MATCHED,AVAILABLE,1177.7104,16,0.1667,73.6069,3.262,3.4459,COMPACT_LI_NETWORK,70.0,LOW_GAP_SIGNAL,MODERATE_SCREENING_RISK,ELECTRONIC_LIMITATION_POSSIBLE,PARSED,Li;O;P;V,51.1,42.9,MODERATE_RESOURCE_PRESSURE,3,1.0,V,70.0,Lithium;Phosphate proxy;Vanadium,Li:MODERATE;P:CRITICAL_LIST;V:ELEVATED,VANADIUM_SUPPLY_REVIEW
5,24,mp-6396,Li3V2(PO4)3,29,,PROMISING,3,FORMULA_FAMILY_MATCH,HIGH_PRIORITY,92.1165393918445,92.1165393918445,1.0,insertion,Li0-4V2(PO4)3,mp-aaaabmqu;mp-aaabwjkp;mp-aaaabmqt;mp-aaabseho;mp-aaabwiob;mp-aaabreph;mp-aaabrqdu;mp-aaabpnkl;mp-aaabwikb;mp-aaaabnwv;mp-aaacqhcj;mp-aaabrfmv;mp-aaabwiog;mp-aaabrwyr;mp-aaabwimq;mp-aaaaajma;mp-aaabkpks;mp-aaabrewv;mp-aaabrcht;mp-aaacqlkb;mp-aaabrgpu,"{'V': 2.0, 'P': 3.0, 'O': 12.0}",V2(PO4)3,V2(PO4)3,Li4V2(PO4)3,mp-aaaabmqu,mp-aaabrgpu,3.163282101458333,258.6010317945172,728.3421648312648,818.0280152942536,2303.951733748155,0.0,0.19047619047619,0.19047619047619,5.0,1.741734812499998,0.125278657756902,0.016242477352941,0.030578416904768,76.42974710208331,100.0,100.0,100.0,96.6529498571392,50.0,Li3V2(PO4)3,,BELOW_REFERENCE_MEDIAN,-3.389418235811263,mp-6396_Li,True,1,,FORMULA_FAMILY_MATCH,92.1165393918445,EXACT_ELECTRODE_MATCH,92.1165393918445,0.0,1.0,insertion,Li0-4V2(PO4)3,"{'V': 2.0, 'P': 3.0, 'O': 12.0}",V2(PO4)3,V2(PO4)3,Li4V2(PO4)3,mp-aaaabmqu,mp-aaabrgpu,3.163282101458333,258.6010317945172,728.3421648312648,818.0280152942536,2303.951733748155,0.0,0.19047619047619,5.0,1.741734812499998,0.125278657756902,0.016242477352941,0.030578416904768,85.39325842696628,92.1165393918445,EXACT_STRUCTURE,100.0,91.95440229009218,BELOW_REFERENCE_RANGE,,TIER_3_EXACT_PROMISING,SECONDARY_EXACT_CANDIDATE,5,,Li3V2(PO4)3,Li3V2(PO4)3,False,13,icsd-290299;icsd-167238;icsd-168266;icsd-96962;icsd-168267;icsd-161335;icsd-168269;icsd-168264;icsd-188473;icsd-168268;icsd-98362;icsd-168265;icsd-188954,9,1,10.1063/1.4812323,EXPERIMENTAL_STRUCTURE_EVIDENCE,STRONG,97.0,SUCCESS,,59,42,11,6,1344,100.0,ESTABLISHED_CATHODE_EVIDENCE,WELL_STUDIED_CATHODE,75,0,,Synthesis and electrochemical properties of Co-doped Li3V2(PO4)3 cathode materials for lithium-ion batteries,10.1016/j.electacta.2009.10.028,2010.0,DIRECT_CATHODE,Li3V2(PO4)3,0.0,-2.727606636196428,True,False,80,4,Li;O;P;V,NO_SPECIAL_COMPLEXITY_FLAG,MATCHED,45.0,ON_OR_NEAR_HULL,25.0,20.0,7.5,97.5,STRONG_SYNTHESIS_SUPPORT,KNOWN_CATHODE_CONTROL,Li3V2(PO4)3,1.9731000000000003,False,True,2.890511685335785,936.6771724375848,80,MATCHED,AVAILABLE,936.6772,12,0.15,78.0564,3.1841,3.2007,COMPACT_LI_NETWORK,70.0,MODERATE_GAP_SIGNAL,MODERATE_SCREENING_RISK,ELECTRONIC_LIMITATION_POSSIBLE,PARSED,Li;O;P;V,53.1,40.9,MODERATE_RESOURCE_PRESSURE,3,1.0,V,70.0,Lithium;Phosphate proxy;Vanadium,Li:MODERATE;P:CRITICAL_LIST;V:ELEVATED,VANADIUM_SUPPLY_REVIEW
15,33,mp-26227,LiVP2O7,31,,PROMISING,11,FORMULA_FAMILY_MATCH,HIGH_PRIORITY,90.21756922340892,90.21756922340892,1.0,insertion,Li0-2VP2O7,mp-aaaablkw;mp-aaaabbzj;mp-aaabqyjt,"{'V': 1.0, 'P': 2.0, 'O': 7.0}",VP2O7,VP2O7,Li2VP2O7,mp-aaaablkw,mp-aaabqyjt,2.908027082083333,224.49920551243665,607.5881896179202,652.8497695363577,1766.8829101628958,0.0,0.166666666666666,0.166666666666666,2.0,0.7718675825000071,0.116919862969652,0.001825057000001,0.016684068967006,59.48162492499999,100.0,94.10622119204471,100.0,100.0,90.0,LiVP2O7,,BELOW_REFERENCE_MEDIAN,-5.288388404246845,mp-26227_Li,True,1,,FORMULA_FAMILY_MATCH,90.21756922340892,EXACT_ELECTRODE_MATCH,84.27236864853617,-5.945200574872743,1.0,insertion,Li0-1VP2O7,"{'V': 1.0, 'P': 2.0, 'O': 7.0}",VP2O7,VP2O7,LiVP2O7,mp-aaaabmuu,mp-aaaabmut,3.946934458333335,115.61042114688608,351.5479457675184,456.3067549670736,1387.536700906117,0.0,0.09090909090909,1.0,0.0,0.03831905646101,0.03132841575,0.0,84.26966292134833,84.27236864853617,EXACT_STRUCTURE,100.0,86.63097220581818,BELOW_REFERENCE_RANGE,,TIER_3_EXACT_PROMISING,SECONDARY_EXACT_CANDIDATE,16,,LiVP2O7,LiVP2O7,True,0,,7,3,10.1016/j.commatsci.2011.02.023;10.1021/ci00038a003;10.1063/1.4812323,COMPUTATIONAL_WITH_REFERENCES,LIMITED,25.0,SUCCESS,,7,3,2,2,123,94.0,ESTABLISHED_CATHODE_EVIDENCE,WELL_STUDIED_CATHODE,32,1,LiVP2O7 cathode battery: HTTP 429: Too Many Requests,Synthesis and electrochemical properties of LiVP2O7/C as novel cathode material for lithium ion batteries,10.1016/j.ceramint.2017.09.131,2017.0,DIRECT_CATHODE,LiVP2O7,0.0,-2.718353710010822,True,True,44,4,Li;O;P;V,NO_SPECIAL_COMPLEXITY_FLAG,MATCHED,45.0,ON_OR_NEAR_HULL,12.0,20.0,7.5,84.5,STRONG_SYNTHESIS_SUPPORT,KNOWN_CATHODE_CONTROL,LiVP2O7,2.1508,False,False,3.040798075551861,506.387899981432,44,MATCHED,AVAILABLE,506.3879,4,0.0909,126.597,4.2101,4.2101,INTERMEDIATE_LI_NETWORK,55.0,MODERATE_GAP_SIGNAL,MODERATE_SCREENING_RISK,ELECTRONIC_LIMITATION_POSSIBLE,PARSED,Li;O;P;V,53.8,40.2,MODERATE_RESOURCE_PRESSURE,3,1.0,V,70.0,Lithium;Phosphate proxy;Vanadium,Li:MODERATE;P:CRITICAL_LIST;V:ELEVATED,VANADIUM_SUPPLY_REVIEW
13,17,mp-780606,Li3Cr2(PO4)3,44,,PROMISING,7,FORMULA_FAMILY_MATCH,HIGH_PRIORITY,94.20403971764672,94.20403971764672,1.0,insertion,Li0-4Cr2(PO4)3,mp-aaabcrzv;mp-aaaabnfg;mp-aaaabmnu;mp-aaaabmpc;mp-aaabrpzn;mp-aaaabmnt;mp-aaaabmpb;mp-aaabsdir;mp-aaabrgkq,"{'Cr': 2.0, 'P': 3.0, 'O': 12.0}",Cr2(PO4)3,Cr2(PO4)3,Li4Cr2(PO4)3,mp-aaabcrzv,mp-aaabrgkq,3.889024805208333,257.29198405440303,733.9707831085583,1000.6149081688404,2854.430581807369,0.0,0.19047619047619,0.19047619047619,3.0,2.925081641249974,0.142388794338991,0.062883002352944,0.042042688690488,100.0,100.0,100.0,100.0,77.2701985882336,75.0,Li3Cr2(PO4)3,,BELOW_REFERENCE_MEDIAN,-1.3019179100090383,mp-780606_Li,True,1,,FORMULA_FAMILY_MATCH,94.20403971764672,EXACT_ELECTRODE_MATCH,89.04779640016449,-5.156243317482236,1.0,insertion,Li0-3Cr2(PO4)3,"{'Cr': 2.0, 'P': 3.0, 'O': 12.0}",Cr2(PO4)3,Cr2(PO4)3,Li3Cr2(PO4)3,mp-aaaabnjm,mp-aaabskti,4.668038734999995,196.23797024870632,579.3262972415286,916.0464463987378,2704.317595727576,0.0,0.15,2.0,0.5823009425000121,0.046967077392461,0.061561507205885,0.0,76.96629213483146,89.04779640016449,EXACT_STRUCTURE,100.0,88.2743260870732,BELOW_REFERENCE_RANGE,,TIER_3_EXACT_PROMISING,SECONDARY_EXACT_CANDIDATE,14,,Li3Cr2(PO4)3,Li3Cr2(PO4)3,True,0,,1,1,10.1063/1.4812323,COMPUTATIONAL_WITH_REFERENCES,LIMITED,6.0,SUCCESS,,2,1,0,1,37,29.9,DIRECT_CATHODE_EVIDENCE,LIMITED_CATHODE_LITERATURE,75,0,,Electrochemical oxidation of trivalent chromium in a phosphate matrix: Li3Cr2(PO4)3 as cathode material for lithium ion batteries,10.1016/j.electacta.2014.06.170,2014.0,DIRECT_CATHODE,Li3Cr2(PO4)3,0.0,-2.667552592696428,True,True,40,4,Cr;Li;O;P,NO_SPECIAL_COMPLEXITY_FLAG,MATCHED,45.0,ON_OR_NEAR_HULL,12.0,15.0,8.5,80.5,STRONG_SYNTHESIS_SUPPORT,KNOWN_BUT_LESS_EXPLORED_CATHODE,Li3Cr2(PO4)3,2.9721,False,False,2.9521620974600493,460.930981851618,40,MATCHED,AVAILABLE,460.931,6,0.15,76.8218,3.2742,3.4986,COMPACT_LI_NETWORK,55.0,MODERATE_GAP_SIGNAL,HIGH_SCREENING_RISK,ELECTRONIC_LIMITATION_LIKELY,PARSED,Cr;Li;O;P,51.9,40.1,MODERATE_RESOURCE_PRESSURE,3,1.0,Cr,65.0,Chromium;Lithium;Phosphate proxy,Cr:ELEVATED;Li:MODERATE;P:CRITICAL_LIST,CHROMIUM_CHEMISTRY_REVIEW
12,48,mp-18860,Li2VSiO5,26,,PROMISING,2,FORMULA_FAMILY_MATCH,HIGH_PRIORITY,86.08854696170484,86.08854696170484,1.0,insertion,Li1-2VSiO5,mp-aaabqyet;mp-aaabrlbr;mp-aaaablix;mp-aaaabbxk,"{'V': 1.0, 'Si': 1.0, 'O': 5.0}",VSiO5,LiVSiO5,Li2VSiO5,mp-aaabqyet,mp-aaaabbxk,3.389559458333342,155.0060792879593,474.9005394129388,525.4023221496705,1609.703615134733,0.125,0.222222222222222,0.0972222222222219,1.0,0.0,0.000884835769015,0.054174595312497,0.0,92.26916208333397,77.50303964397965,78.1752902687088,100.0,82.4952428125018,100.0,Li2VSiO5,,BELOW_REFERENCE_MEDIAN,-9.417410665950923,mp-18860_Li,True,1,,FORMULA_FAMILY_MATCH,86.08854696170484,EXACT_ELECTRODE_MATCH,86.08854696170484,0.0,1.0,insertion,Li1-2VSiO5,"{'V': 1.0, 'Si': 1.0, 'O': 5.0}",VSiO5,LiVSiO5,Li2VSiO5,mp-aaabqyet,mp-aaaabbxk,3.389559458333342,155.0060792879593,474.9005394129388,525.4023221496705,1609.703615134733,0.125,0.222222222222222,1.0,0.0,0.000884835769015,0.054174595312497,0.0,87.07865168539325,86.08854696170484,EXACT_STRUCTURE,100.0,88.3732858621868,BELOW_REFERENCE_RANGE,,TIER_3_EXACT_PROMISING,SECONDARY_EXACT_CANDIDATE,13,,Li2VSiO5,Li2VSiO5,False,13,icsd-417284;icsd-86775;icsd-417281;icsd-417286;icsd-417282;icsd-417283;icsd-417278;icsd-417279;icsd-417285;icsd-417280;icsd-417277;icsd-59359;icsd-417276,4,1,10.1063/1.4812323,EXPERIMENTAL_STRUCTURE_EVIDENCE,STRONG,93.0,SUCCESS,,0,0,0,0,0,0.0,NO_EXACT_MATCH_FOUND,INCONCLUSIVE_NO_EXACT_MATCH,0,3,Li2VSiO5: HTTP 429: Too Many Requests | Li2VSiO5 cathode battery: HTTP 429: Too Many Requests | Li2VSiO5 lithium ion electrochemical: HTTP 429: Too Many Requests,,,,,Li2VSiO5,0.0,-2.765965153518519,True,False,36,4,Li;O;Si;V,NO_SPECIAL_COMPLEXITY_FLAG,MATCHED,45.0,ON_OR_NEAR_HULL,25.0,0.0,8.5,78.5,STRONG_SYNTHESIS_SUPPORT,EXPERIMENTALLY_GROUNDED_UNDEREXPLORED,Li2VSiO5,2.3621,False,False,3.063754286888888,374.8566515002568,36,MATCHED,AVAILABLE,374.8567,8,0.2222,46.8571,3.2119,3.2122,COMPACT_LI_NETWORK,55.0,MODERATE_GAP_SIGNAL,MODERATE_SCREENING_RISK,ELECTRONIC_LIMITATION_POSSIBLE,PARSED,Li;O;Si;V,55.0,39.0,MODERATE_RESOURCE_PRESSURE,3,1.0,V,70.0,Lithium;Silicon;Vanadium,Li:MODERATE;Si:ELEVATED;V:ELEVATED,VANADIUM_SUPPLY_REVIEW
8,21,mp-26963,LiVPO5,45,,PROMISING,10,FORMULA_FAMILY_MATCH,HIGH_PRIORITY,93.57905866063516,93.57905866063516,1.0,insertion,Li0-1VPO5,mp-aaaabljt;mp-aaaabnxb,"{'V': 1.0, 'P': 1.0, 'O': 5.0}",VPO5,VPO5,LiVPO5,mp-aaaabljt,mp-aaaabnxb,3.832105108333334,158.72646360461718,507.3445668831778,608.2564920069386,1944.197706438189,0.0,0.125,0.125,1.0,0.0,0.005146724943774,0.0,0.0,100.0,79.36323180230859,88.53206150086733,100.0,100.0,100.0,LiVPO5,,BELOW_REFERENCE_MEDIAN,-1.9268989670206047,mp-26963_Li,True,1,,FORMULA_FAMILY_MATCH,93.57905866063516,EXACT_ELECTRODE_MATCH,93.57905866063516,1.4210854715202004e-14,1.0,insertion,Li0-1VPO5,"{'V': 1.0, 'P': 1.0, 'O': 5.0}",VPO5,VPO5,LiVPO5,mp-aaaabljt,mp-aaaabnxb,3.832105108333334,158.72646360461718,507.3445668831778,608.2564920069386,1944.197706438189,0.0,0.125,1.0,0.0,0.005146724943774,0.0,0.0,76.40449438202246,93.57905866063516,EXACT_STRUCTURE,100.0,91.10728700581734,WITHIN_REFERENCE_RANGE,,TIER_2_EXACT_REFERENCE_RANGE,ADVANCE_TO_DETAILED_REVIEW,8,,LiVPO5,LiVPO5,False,2,icsd-80613;icsd-291604,9,3,10.1016/j.commatsci.2011.02.023;10.1021/ci00038a003;10.1063/1.4812323,EXPERIMENTAL_STRUCTURE_EVIDENCE,STRONG,100.0,SUCCESS,,0,0,0,0,0,0.0,NO_EXACT_MATCH_FOUND,INCONCLUSIVE_NO_EXACT_MATCH,25,1,LiVPO5 lithium ion electrochemical: HTTP 429: Too Many Requests,,,,,LiVPO5,0.0,-2.666295293184524,True,False,32,4,Li;O;P;V,NO_SPECIAL_COMPLEXITY_FLAG,MATCHED,45.0,ON_OR_NEAR_HULL,25.0,0.0,8.5,78.5,STRONG_SYNTHESIS_SUPPORT,EXPERIMENTALLY_GROUNDED_UNDEREXPLORED,LiVPO5,1.5636,False,False,3.1963451833744623,350.8850544978658,32,MATCHED,AVAILABLE,350.8851,4,0.125,87.7213,3.184,3.184,INTERMEDIATE_LI_NETWORK,70.0,MODERATE_GAP_SIGNAL,MODERATE_SCREENING_RISK,ELECTRONIC_LIMITATION_POSSIBLE,PARSED,Li;O;P;V,55.0,39.0,MODERATE_RESOURCE_PRESSURE,3,1.0,V,70.0,Lithium;Phosphate proxy;Vanadium,Li:MODERATE;P:CRITICAL_LIST;V:ELEVATED,VANADIUM_SUPPLY_REVIEW
14,30,mp-775982,Li3V2P4(HO8)2,63,,PROMISING,6,FORMULA_FAMILY_MATCH,HIGH_PRIORITY,90.58200521601512,90.58200521601512,1.0,insertion,Li0.5-2VP2HO8,mp-aaabseqo;mp-aaacoypo;mp-aaabsjrn;mp-aaabwksm;mp-aaabwkne;mp-aaabskod;mp-aaabwjtd;mp-aaabsjcf;mp-aaabshwy;mp-aaabslja;mp-aaabskoo;mp-aaabskag;mp-aaabsdwe;mp-aaabsjat;mp-aaabskor;mp-aaabsjav;mp-aaadlsez;mp-aaabsdvm;mp-aaabsikj;mp-aaabsdxm;mp-aaabskic;mp-aaabsjsg;mp-aaabsliz;mp-aaacozwk;mp-aaabqywc,"{'V': 1.0, 'P': 2.0, 'H': 1.0, 'O': 8.0}",VP2HO8,LiV2P4(HO8)2,Li2VP2HO8,mp-aaabseqo,mp-aaabqywc,4.109640574999999,157.17858711502168,454.8319308150945,645.9474991290652,1869.195757683305,0.04,0.142857142857142,0.1028571428571419,2.0,2.79604151499997,0.059675946190688,0.052371174780947,0.000966306981704,100.0,78.58929355751084,93.24343739113316,100.0,83.5772951314318,90.0,Li3V2P4(HO8)2,,BELOW_REFERENCE_MEDIAN,-4.9239524116406415,mp-775982_Li,True,1,,FORMULA_FAMILY_MATCH,90.58200521601512,EXACT_ELECTRODE_MATCH,90.58200521601512,1.4210854715202004e-14,1.0,insertion,Li0.5-2VP2HO8,"{'V': 1.0, 'P': 2.0, 'H': 1.0, 'O': 8.0}",VP2HO8,LiV2P4(HO8)2,Li2VP2HO8,mp-aaabseqo,mp-aaabqywc,4.109640574999999,157.17858711502168,454.8319308150945,645.9474991290652,1869.195757683305,0.04,0.142857142857142,2.0,2.79604151499997,0.059675946190688,0.052371174780947,0.000966306981704,66.29213483146069,90.58200521601512,EXACT_STRUCTURE,100.0,87.13673035670196,BELOW_REFERENCE_RANGE,,TIER_3_EXACT_PROMISING,SECONDARY_EXACT_CANDIDATE,15,,Li3V2P4(HO8)2,Li3V2P4(HO8)2,True,0,,1,1,10.1063/1.4812323,COMPUTATIONAL_WITH_REFERENCES,LIMITED,6.0,SUCCESS,,0,0,0,0,0,0.0,NO_EXACT_MATCH_FOUND,INCONCLUSIVE_NO_EXACT_MATCH,12,2,Li3V2P4(HO8)2 cathode battery: HTTP 429: Too Many Requests | Li3V2P4(HO8)2 lithium ion electrochemical: HTTP 429: Too Many Requests,,,,,Li3V2P4(HO8)2,0.0,-2.597799440039682,True,True,54,5,H;Li;O;P;V,HYDROGEN_CONTAINING_PHASE,MATCHED,45.0,ON_OR_NEAR_HULL,12.0,0.0,6.5,63.5,MODERATE_SYNTHESIS_SUPPORT,COMPUTATIONAL_DISCOVERY_PLAUSIBLE,Li3V2P4(HO8)2,0.7027999999999999,False,False,2.917820813735784,574.3465662200905,54,MATCHED,AVAILABLE,574.3466,6,0.1111,95.7244,3.1519,3.5244,INTERMEDIATE_LI_NETWORK,84.0,LOW_GAP_SIGNAL,LOW_SCREENING_RISK,FAVORABLE_ELECTRONIC_SIGNAL,PARSED,H;Li;O;P;V,52.8,38.2,MODERATE_RESOURCE_PRESSURE,3,1.0,V,70.0,Lithium;Phosphate proxy;Vanadium,Li:MODERATE;P:CRITICAL_LIST;V:ELEVATED,VANADIUM_SUPPLY_REVIEW;HYDROGEN_CONTAINING_PHASE_REVIEW
11,19,mp-1539853,LiV(OF)2,32,,PROMISING,3,FORMULA_FAMILY_MATCH,HIGH_PRIORITY,93.88258255030448,93.88258255030448,1.0,insertion,Li1-2V(OF)2,mp-aaabrokr;mp-aaabrhyb,"{'V': 1.0, 'O': 2.0, 'F': 2.0}",V(OF)2,LiV(OF)2,Li2V(OF)2,mp-aaabrokr,mp-aaabrhyb,3.743696788333336,198.79586700304583,589.9621742189586,744.2314488332438,2208.639496861668,0.166666666666666,0.285714285714285,0.1190476190476189,1.0,0.0,0.023688424994079,0.074975034583334,0.071730645357146,100.0,99.39793350152291,100.0,100.0,70.0149792499996,100.0,LiV(OF)2,,BELOW_REFERENCE_MEDIAN,-1.6233750773512838,mp-1539853_Li,True,1,,FORMULA_FAMILY_MATCH,93.88258255030448,EXACT_ELECTRODE_MATCH,87.59501474534902,-6.287567804955458,1.0,insertion,Li1-2V(OF)2,"{'V': 1.0, 'O': 2.0, 'F': 2.0}",V(OF)2,LiV(OF)2,Li2V(OF)2,mp-aaadjpxd,mp-aaabqvqt,3.220165580833328,198.79586700304583,600.1327954942376,640.1556085351283,1932.526971979831,0.166666666666666,0.285714285714285,1.0,0.0,0.060753576356386,0.0,0.082256502500003,83.70786516853931,87.59501474534902,EXACT_STRUCTURE,100.0,88.67833261818473,BELOW_REFERENCE_RANGE,,TIER_3_EXACT_PROMISING,SECONDARY_EXACT_CANDIDATE,12,,LiV(OF)2,LiV(OF)2,True,0,,1,1,10.1063/1.4812323,COMPUTATIONAL_WITH_REFERENCES,LIMITED,6.0,SUCCESS,,0,0,0,0,0,0.0,NO_EXACT_MATCH_FOUND,INCONCLUSIVE_NO_EXACT_MATCH,75,0,,,,,,LiV(OF)2,0.0,-2.717074635555562,True,True,12,4,F;Li;O;V,MIXED_OXYFLUORIDE_CHEMISTRY,MATCHED,45.0,ON_OR_NEAR_HULL,12.0,0.0,9.5,66.5,MODERATE_SYNTHESIS_SUPPORT,COMPUTATIONAL_DISCOVERY_PLAUSIBLE,LiV(OF)2,2.216,False,False,3.251513807969693,130.6139873779603,12,MATCHED,AVAILABLE,130.614,2,0.1667,65.307,3.1986,3.1986,COMPACT_LI_NETWORK,55.0,MODERATE_GAP_SIGNAL,MODERATE_SCREENING_RISK,ELECTRONIC_LIMITATION_POSSIBLE,PARSED,F;Li;O;V,51.2,37.8,MODERATE_RESOURCE_PRESSURE,3,1.0,V,70.0,Fluorspar proxy;Lithium;Vanadium,F:MODERATE;Li:MODERATE;V:ELEVATED,FLUORINE_BEARING_PROCESS_REVIEW;VANADIUM_SUPPLY_REVIEW
2,11,mp-850951,Li3MnV(P2O7)2,37,,PROMISING,1,FORMULA_FAMILY_MATCH,HIGH_PRIORITY,95.27619008312632,95.27619008312632,1.0,insertion,Li0-3MnV(P2O7)2,mp-aaabsbax;mp-aaabrfdg;mp-aaabrmwk;mp-aaabrmxd;mp-aaabrici;mp-aaabrmxk;mp-aaacoyol;mp-aaabrmxg;mp-aaacoypu;mp-aaabrnco;mp-aaabwkul;mp-aaabwkux,"{'Mn': 1.0, 'V': 1.0, 'P': 4.0, 'O': 14.0}",MnV(P2O7)2,MnV(P2O7)2,Li3MnV(P2O7)2,mp-aaabsbax,mp-aaabwkux,4.033616751666665,169.41903570925112,470.9736895784279,683.3714604880482,1899.7273638778029,0.0,0.130434782608695,0.130434782608695,3.0,0.657051365000029,0.071997385774961,0.009545055541681,0.0,100.0,84.70951785462556,97.92143256100604,100.0,100.0,75.0,Li3MnV(P2O7)2,,BELOW_REFERENCE_MEDIAN,-0.2297675445294373,mp-850951_Li,True,1,,FORMULA_FAMILY_MATCH,95.27619008312632,EXACT_ELECTRODE_MATCH,95.27619008312632,-1.4210854715202004e-14,1.0,insertion,Li0-3MnV(P2O7)2,"{'Mn': 1.0, 'V': 1.0, 'P': 4.0, 'O': 14.0}",MnV(P2O7)2,MnV(P2O7)2,Li3MnV(P2O7)2,mp-aaabsbax,mp-aaabwkux,4.033616751666665,169.41903570925112,470.9736895784279,683.3714604880482,1899.7273638778029,0.0,0.130434782608695,3.0,0.657051365000029,0.071997385774961,0.009545055541681,0.0,80.89887640449437,95.27619008312632,EXACT_STRUCTURE,100.0,93.10929883493098,WITHIN_REFERENCE_RANGE,,TIER_2_EXACT_REFERENCE_RANGE,ADVANCE_TO_DETAILED_REVIEW,2,,Li3MnV(P2O7)2,Li3MnV(P2O7)2,True,0,,1,1,10.1063/1.4812323,COMPUTATIONAL_WITH_REFERENCES,LIMITED,6.0,SUCCESS,,0,0,0,0,0,0.0,NO_EXACT_MATCH_FOUND,INCONCLUSIVE_NO_EXACT_MATCH,50,1,Li3MnV(P2O7)2 lithium ion electrochemical: HTTP 429: Too Many Requests,,,,,Li3MnV(P2O7)2,0.0,-2.6993697535435843,True,True,46,5,Li;Mn;O;P;V,NO_SPECIAL_COMPLEXITY_FLAG,MATCHED,45.0,ON_OR_NEAR_HULL,12.0,0.0,6.5,63.5,MODERATE_SYNTHESIS_SUPPORT,COMPUTATIONAL_DISCOVERY_PLAUSIBLE,Li3MnV(P2O7)2,2.1375,False,False,2.779933719384088,566.9731556321543,46,MATCHED,AVAILABLE,566.9732,6,0.1304,94.4955,3.194,3.4538,INTERMEDIATE_LI_NETWORK,55.0,MODERATE_GAP_SIGNAL,MODERATE_SCREENING_RISK,ELECTRONIC_LIMITATION_POSSIBLE,PARSED,Li;Mn;O;P;V,52.2,37.8,MODERATE_RESOURCE_PRESSURE,4,1.0,V,70.0,Lithium;Manganese;Phosphate proxy;Vanadium,Li:MODERATE;Mn:ELEVATED;P:CRITICAL_LIST;V:ELEVATED,VANADIUM_SUPPLY_REVIEW
4,12,mp-850939,Li2MnV(P2O7)2,46,,PROMISING,1,FORMULA_FAMILY_MATCH,HIGH_PRIORITY,95.27619008312632,95.27619008312632,1.0,insertion,Li0-3MnV(P2O7)2,mp-aaabsbax;mp-aaabrfdg;mp-aaabrmwk;mp-aaabrmxd;mp-aaabrici;mp-aaabrmxk;mp-aaacoyol;mp-aaabrmxg;mp-aaacoypu;mp-aaabrnco;mp-aaabwkul;mp-aaabwkux,"{'Mn': 1.0, 'V': 1.0, 'P': 4.0, 'O': 14.0}",MnV(P2O7)2,MnV(P2O7)2,Li3MnV(P2O7)2,mp-aaabsbax,mp-aaabwkux,4.033616751666665,169.41903570925112,470.9736895784279,683.3714604880482,1899.7273638778029,0.0,0.130434782608695,0.130434782608695,3.0,0.657051365000029,0.071997385774961,0.009545055541681,0.0,100.0,84.70951785462556,97.92143256100604,100.0,100.0,75.0,Li2MnV(P2O7)2,,BELOW_REFERENCE_MEDIAN,-0.2297675445294373,mp-850939_Li,True,1,,FORMULA_FAMILY_MATCH,95.27619008312632,EXACT_ELECTRODE_MATCH,95.27619008312632,-1.4210854715202004e-14,1.0,insertion,Li0-3MnV(P2O7)2,"{'Mn': 1.0, 'V': 1.0, 'P': 4.0, 'O': 14.0}",MnV(P2O7)2,MnV(P2O7)2,Li3MnV(P2O7)2,mp-aaabsbax,mp-aaabwkux,4.033616751666665,169.41903570925112,470.9736895784279,683.3714604880482,1899.7273638778029,0.0,0.130434782608695,3.0,0.657051365000029,0.071997385774961,0.009545055541681,0.0,75.84269662921348,95.27619008312632,EXACT_STRUCTURE,100.0,92.0980628798748,WITHIN_REFERENCE_RANGE,,TIER_2_EXACT_REFERENCE_RANGE,ADVANCE_TO_DETAILED_REVIEW,4,,Li2MnV(P2O7)2,Li2MnV(P2O7)2,True,0,,1,1,10.1063/1.4812323,COMPUTATIONAL_WITH_REFERENCES,LIMITED,6.0,SUCCESS,,0,0,0,0,0,0.0,NO_EXACT_MATCH_FOUND,INCONCLUSIVE_NO_EXACT_MATCH,75,0,,,,,,Li2MnV(P2O7)2,0.0,-2.664354146507688,True,True,22,5,Li;Mn;O;P;V,NO_SPECIAL_COMPLEXITY_FLAG,MATCHED,45.0,ON_OR_NEAR_HULL,12.0,0.0,7.5,64.5,MODERATE_SYNTHESIS_SUPPORT,COMPUTATIONAL_DISCOVERY_PLAUSIBLE,Li2MnV(P2O7)2,0.0101000000000004,False,False,2.859108553132692,271.6049707645712,22,MATCHED,AVAILABLE,271.605,2,0.0909,135.8025,4.8157,4.8157,SPARSE_LI_NETWORK,98.0,VERY_LOW_GAP_SIGNAL,LOW_SCREENING_RISK,FAVORABLE_ELECTRONIC_SIGNAL,PARSED,Li;Mn;O;P;V,53.1,36.9,MODERATE_RESOURCE_PRESSURE,4,1.0,V,70.0,Lithium;Manganese;Phosphate proxy;Vanadium,Li:MODERATE;Mn:ELEVATED;P:CRITICAL_LIST;V:ELEVATED,VANADIUM_SUPPLY_REVIEW
6,6,mp-25410,LiMnPO4F,58,,PROMISING,4,FORMULA_FAMILY_MATCH,HIGH_PRIORITY,97.51308163571537,97.51308163571537,1.0,insertion,Li0-2MnPO4F,mp-aaabxacc;mp-aaabrfvz;mp-aaabrfvs;mp-aaabrfgb;mp-aaabrfwm;mp-aaabrxxe,"{'Mn': 1.0, 'P': 1.0, 'O': 4.0, 'F': 1.0}",MnPO4F,MnPO4F,Li2MnPO4F,mp-aaabxacc,mp-aaabrxxe,4.12730612708333,293.2491818448629,916.449799263318,1210.3291449904764,3782.4688716637806,0.0,0.222222222222222,0.222222222222222,3.0,0.686064728749997,0.109954364159522,0.035307653035705,0.029435256527779,100.0,100.0,100.0,100.0,93.815408178577,75.0,LiMnPO4F,,ABOVE_REFERENCE_MEDIAN,2.0071240080596056,mp-25410_Li,True,1,,FORMULA_FAMILY_MATCH,97.51308163571537,EXACT_ELECTRODE_MATCH,96.7541947666665,-0.7588868690488653,1.0,insertion,Li0-2MnPO4F,"{'Mn': 1.0, 'P': 1.0, 'O': 4.0, 'F': 1.0}",MnPO4F,MnPO4F,Li2MnPO4F,mp-aaaablpy,mp-aaaablot,4.036170075833337,293.2491818448629,892.9382746688424,1183.6035725248444,3604.050743784631,0.0,0.222222222222222,2.0,1.387800134999992,0.176185380708578,0.032985650357135,0.047881710277779,69.10112359550563,96.7541947666665,EXACT_STRUCTURE,100.0,91.71045131743436,ABOVE_REFERENCE_MEDIAN,,TIER_1_EXACT_COMPETITIVE,ADVANCE_TO_DETAILED_REVIEW,6,,LiMnPO4F,LiMnPO4F,True,0,,1,1,10.1063/1.4812323,COMPUTATIONAL_WITH_REFERENCES,LIMITED,6.0,SUCCESS,,0,0,0,0,0,0.0,NO_EXACT_MATCH_FOUND,INCONCLUSIVE_NO_EXACT_MATCH,50,0,,,,,,LiMnPO4F,0.0,-2.626758953863404,True,True,16,5,F;Li;Mn;O;P,MIXED_OXYFLUORIDE_CHEMISTRY,MATCHED,45.0,ON_OR_NEAR_HULL,12.0,0.0,8.5,65.5,MODERATE_SYNTHESIS_SUPPORT,COMPUTATIONAL_DISCOVERY_PLAUSIBLE,LiMnPO4F,0.8695000000000002,False,True,3.213775699261872,181.72009927591657,16,MATCHED,AVAILABLE,181.7201,2,0.125,90.86,3.0396,3.0396,INTERMEDIATE_LI_NETWORK,84.0,LOW_GAP_SIGNAL,LOW_SCREENING_RISK,FAVORABLE_ELECTRONIC_SIGNAL,PARSED,F;Li;Mn;O;P,51.2,35.8,MODERATE_RESOURCE_PRESSURE,4,1.0,Mn,65.0,Fluorspar proxy;Lithium;Manganese;Phosphate proxy,F:MODERATE;Li:MODERATE;Mn:ELEVATED;P:CRITICAL_LIST,FLUORINE_BEARING_PROCESS_REVIEW
9,13,mp-759232,LiMnV(P2O7)2,64,,PROMISING,1,FORMULA_FAMILY_MATCH,HIGH_PRIORITY,95.27619008312632,95.27619008312632,1.0,insertion,Li0-3MnV(P2O7)2,mp-aaabsbax;mp-aaabrfdg;mp-aaabrmwk;mp-aaabrmxd;mp-aaabrici;mp-aaabrmxk;mp-aaacoyol;mp-aaabrmxg;mp-aaacoypu;mp-aaabrnco;mp-aaabwkul;mp-aaabwkux,"{'Mn': 1.0, 'V': 1.0, 'P': 4.0, 'O': 14.0}",MnV(P2O7)2,MnV(P2O7)2,Li3MnV(P2O7)2,mp-aaabsbax,mp-aaabwkux,4.033616751666665,169.41903570925112,470.9736895784279,683.3714604880482,1899.7273638778029,0.0,0.130434782608695,0.130434782608695,3.0,0.657051365000029,0.071997385774961,0.009545055541681,0.0,100.0,84.70951785462556,97.92143256100604,100.0,100.0,75.0,LiMnV(P2O7)2,,BELOW_REFERENCE_MEDIAN,-0.2297675445294373,mp-759232_Li,True,1,,FORMULA_FAMILY_MATCH,95.27619008312632,EXACT_ELECTRODE_MATCH,95.27619008312632,-1.4210854715202004e-14,1.0,insertion,Li0-3MnV(P2O7)2,"{'Mn': 1.0, 'V': 1.0, 'P': 4.0, 'O': 14.0}",MnV(P2O7)2,MnV(P2O7)2,Li3MnV(P2O7)2,mp-aaabsbax,mp-aaabwkux,4.033616751666665,169.41903570925112,470.9736895784279,683.3714604880482,1899.7273638778029,0.0,0.130434782608695,3.0,0.657051365000029,0.071997385774961,0.009545055541681,0.0,65.73033707865167,95.27619008312632,EXACT_STRUCTURE,100.0,90.07559096976244,WITHIN_REFERENCE_RANGE,,TIER_2_EXACT_REFERENCE_RANGE,ADVANCE_TO_DETAILED_REVIEW,9,,LiMnV(P2O7)2,LiMnV(P2O7)2,True,0,,1,1,10.1063/1.4812323,COMPUTATIONAL_WITH_REFERENCES,LIMITED,6.0,SUCCESS,,0,0,0,0,0,0.0,NO_EXACT_MATCH_FOUND,INCONCLUSIVE_NO_EXACT_MATCH,50,1,LiMnV(P2O7)2 lithium ion electrochemical: HTTP 429: Too Many Requests,,,,,LiMnV(P2O7)2,0.0,-2.594715559515989,True,True,42,5,Li;Mn;O;P;V,NO_SPECIAL_COMPLEXITY_FLAG,MATCHED,45.0,ON_OR_NEAR_HULL,12.0,0.0,6.5,63.5,MODERATE_SYNTHESIS_SUPPORT,COMPUTATIONAL_DISCOVERY_PLAUSIBLE,LiMnV(P2O7)2,1.3469000000000002,False,False,2.892912619724983,528.8941588437566,42,MATCHED,AVAILABLE,528.8942,2,0.0476,264.4471,7.0344,7.0344,SPARSE_LI_NETWORK,70.0,LOW_GAP_SIGNAL,MODERATE_SCREENING_RISK,ELECTRONIC_LIMITATION_POSSIBLE,PARSED,Li;Mn;O;P;V,54.3,35.7,MODERATE_RESOURCE_PRESSURE,4,1.0,V,70.0,Lithium;Manganese;Phosphate proxy;Vanadium,Li:MODERATE;Mn:ELEVATED;P:CRITICAL_LIST;V:ELEVATED,VANADIUM_SUPPLY_REVIEW
7,27,mp-753866,Li2VCr(P2O7)2,34,,PROMISING,1,FORMULA_FAMILY_MATCH,HIGH_PRIORITY,91.78557181046553,91.78557181046553,1.0,insertion,Li0-3VCr(P2O7)2,mp-aaabrrtz;mp-aaabrpdq;mp-aaabrpdo;mp-aaabrgov;mp-aaabrgrl;mp-aaabrgru;mp-aaabrgec;mp-aaabrgpy;mp-aaabqxew;mp-aaabqvdz,"{'V': 1.0, 'Cr': 1.0, 'P': 4.0, 'O': 14.0}",VCr(P2O7)2,VCr(P2O7)2,Li3VCr(P2O7)2,mp-aaabrrtz,mp-aaabqvdz,3.421769275000006,170.47580321319225,479.1902434618197,583.3288655658487,1639.6784519574276,0.0,0.130434782608695,0.130434782608695,3.0,1.991147940000018,0.057665171546183,0.021002746125001,0.018632703269926,94.52384925000044,85.23790160659613,85.41610819573108,100.0,100.0,75.0,Li2VCr(P2O7)2,,BELOW_REFERENCE_MEDIAN,-3.720385817190234,mp-753866_Li,True,1,,FORMULA_FAMILY_MATCH,91.78557181046553,EXACT_ELECTRODE_MATCH,91.78557181046553,0.0,1.0,insertion,Li0-3VCr(P2O7)2,"{'V': 1.0, 'Cr': 1.0, 'P': 4.0, 'O': 14.0}",VCr(P2O7)2,VCr(P2O7)2,Li3VCr(P2O7)2,mp-aaabrrtz,mp-aaabqvdz,3.421769275000006,170.47580321319225,479.1902434618197,583.3288655658487,1639.6784519574276,0.0,0.130434782608695,3.0,1.991147940000018,0.057665171546183,0.021002746125001,0.018632703269926,82.58426966292134,91.78557181046553,EXACT_STRUCTURE,100.0,91.17747560938686,BELOW_REFERENCE_RANGE,,TIER_3_EXACT_PROMISING,SECONDARY_EXACT_CANDIDATE,7,,Li2VCr(P2O7)2,Li2VCr(P2O7)2,True,0,,1,1,10.1063/1.4812323,COMPUTATIONAL_WITH_REFERENCES,LIMITED,6.0,SUCCESS,,0,0,0,0,0,0.0,NO_EXACT_MATCH_FOUND,INCONCLUSIVE_NO_EXACT_MATCH,50,1,Li2VCr(P2O7)2: HTTP 429: Too Many Requests,,,,,Li2VCr(P2O7)2,0.0,-2.7031651750108225,True,True,44,5,Cr;Li;O;P;V,NO_SPECIAL_COMPLEXITY_FLAG,MATCHED,45.0,ON_OR_NEAR_HULL,12.0,0.0,6.5,63.5,MODERATE_SYNTHESIS_SUPPORT,COMPUTATIONAL_DISCOVERY_PLAUSIBLE,Li2VCr(P2O7)2,2.1866,False,False,2.883802061227235,535.1704895077552,44,MATCHED,AVAILABLE,535.1705,4,0.0909,133.7926,4.8172,4.8173,SPARSE_LI_NETWORK,55.0,MODERATE_GAP_SIGNAL,MODERATE_SCREENING_RISK,ELECTRONIC_LIMITATION_POSSIBLE,PARSED,Cr;Li;O;P;V,53.1,32.9,HIGHER_RESOURCE_PRESSURE,4,1.0,V,70.0,Chromium;Lithium;Phosphate proxy;Vanadium,Cr:ELEVATED;Li:MODERATE;P:CRITICAL_LIST;V:ELEVATED,CHROMIUM_CHEMISTRY_REVIEW;VANADIUM_SUPPLY_REVIEW
1,14,mp-25448,LiCrPO4F,27,,PROMISING,3,FORMULA_FAMILY_MATCH,HIGH_PRIORITY,94.71060048238104,94.71060048238104,1.0,insertion,Li0-2CrPO4F,mp-aaabqyzj;mp-aaaablqu;mp-aaabrfgg;mp-aaaablop;mp-aaacotep;mp-aaabqvnb,"{'Cr': 1.0, 'P': 1.0, 'O': 4.0, 'F': 1.0}",CrPO4F,CrPO4F,Li2CrPO4F,mp-aaabqyzj,mp-aaaablop,3.376453978333335,298.0461415603602,881.2607797091555,1006.3390803983784,2975.536465598115,0.0,0.222222222222222,0.222222222222222,3.0,2.810756439999991,0.186188185050811,0.044247960119047,0.040913482430544,91.35177848333343,100.0,100.0,100.0,88.4512239285718,75.0,LiCrPO4F,,BELOW_REFERENCE_MEDIAN,-0.7953571452747212,mp-25448_Li,True,1,,FORMULA_FAMILY_MATCH,94.71060048238104,EXACT_ELECTRODE_MATCH,94.71060048238104,-1.4210854715202004e-14,1.0,insertion,Li0-2CrPO4F,"{'Cr': 1.0, 'P': 1.0, 'O': 4.0, 'F': 1.0}",CrPO4F,CrPO4F,Li2CrPO4F,mp-aaabqyzj,mp-aaaablop,3.376453978333335,298.0461415603602,881.2607797091555,1006.3390803983784,2975.536465598115,0.0,0.222222222222222,3.0,2.810756439999991,0.186188185050811,0.044247960119047,0.040913482430544,86.51685393258427,94.71060048238104,EXACT_STRUCTURE,100.0,93.86526110006452,WITHIN_REFERENCE_RANGE,,TIER_2_EXACT_REFERENCE_RANGE,ADVANCE_TO_DETAILED_REVIEW,1,,LiCrPO4F,LiCrPO4F,True,0,,1,1,10.1063/1.4812323,COMPUTATIONAL_WITH_REFERENCES,LIMITED,6.0,SUCCESS,,0,0,0,0,0,0.0,NO_EXACT_MATCH_FOUND,INCONCLUSIVE_NO_EXACT_MATCH,0,2,LiCrPO4F cathode battery: HTTP 429: Too Many Requests | LiCrPO4F lithium ion electrochemical: HTTP 429: Too Many Requests,,,,,LiCrPO4F,0.0,-2.757145434122024,True,True,16,5,Cr;F;Li;O;P,MIXED_OXYFLUORIDE_CHEMISTRY,MATCHED,45.0,ON_OR_NEAR_HULL,12.0,0.0,8.5,65.5,MODERATE_SYNTHESIS_SUPPORT,COMPUTATIONAL_DISCOVERY_PLAUSIBLE,LiCrPO4F,2.2771,False,False,3.225401511779413,178.03588415303014,16,MATCHED,AVAILABLE,178.0359,2,0.125,89.0179,3.0412,3.0412,INTERMEDIATE_LI_NETWORK,55.0,MODERATE_GAP_SIGNAL,MODERATE_SCREENING_RISK,ELECTRONIC_LIMITATION_POSSIBLE,PARSED,Cr;F;Li;O;P,51.2,31.8,HIGHER_RESOURCE_PRESSURE,4,1.0,Cr,65.0,Chromium;Fluorspar proxy;Lithium;Phosphate proxy,Cr:ELEVATED;F:MODERATE;Li:MODERATE;P:CRITICAL_LIST,FLUORINE_BEARING_PROCESS_REVIEW;CHROMIUM_CHEMISTRY_REVIEW
