material_id,formula,literature_class,title,year,journal,doi,citation_count,url
mp-6396,Li3V2(PO4)3,CHEMISTRY_ONLY,Li2.5V2(PO4)3: A Room-Temperature Analogue to the Fast-Ion Conducting High-Temperature g-phase of Li3V2(PO4)3,2020,,10.1021/cm034802f.s001,0,https://doi.org/10.1021/cm034802f.s001
mp-6396,Li3V2(PO4)3,CHEMISTRY_ONLY,Li2.5V2(PO4)3: A Room-Temperature Analogue to the Fast-Ion Conducting High-Temperature g-phase of Li3V2(PO4)3,2020,,10.1021/cm034802f.s002,0,https://doi.org/10.1021/cm034802f.s002
mp-6396,Li3V2(PO4)3,DIRECT_CATHODE,Electrochemical and Structural Investigation of the Mechanism of Irreversibility in Li3V2(PO4)3 Cathodes,2020,,10.1021/acs.jpcc.6b00408.s001,0,https://doi.org/10.1021/acs.jpcc.6b00408.s001
mp-6396,Li3V2(PO4)3,DIRECT_CATHODE,Configuration of Li-Ion Vanadium Batteries: Li3V2(PO4)3(cathode) Li3V2(PO4)3(anode),2013,ECS Electrochemistry Letters,10.1149/2.008307eel,21,https://doi.org/10.1149/2.008307eel
mp-6396,Li3V2(PO4)3,CHEMISTRY_ONLY,Unraveling the Relationship between Ti4+ Doping and Li+ Mobility Enhancement in Ti4+ Doped Li3V2(PO4)3,2020,,10.1021/acsaem.9b01909.s001,0,https://doi.org/10.1021/acsaem.9b01909.s001
mp-6396,Li3V2(PO4)3,BATTERY_RELATED,Investigation of material composite Li3V2(PO4)3 with LiMn2-xNixO4 for Li-ion batteries,2021,,10.17760/d20000128,0,https://doi.org/10.17760/d20000128
mp-6396,Li3V2(PO4)3,DIRECT_CATHODE,Facile synthesis of spherical Li3V2(PO4)3/C and 2LiVPO4F⋅Li3V2(PO4)3/C cathode materials by spray drying for lithium-ion battries,2023,Functional Materials Letters,10.1142/s1793604723500182,1,https://doi.org/10.1142/s1793604723500182
mp-6396,Li3V2(PO4)3,DIRECT_CATHODE,Electrochemical Properties of Li3V2(PO4)3 Cathode Material using a Supercritical Synthesis,2023,Journal of Industrial Science and Technology Institute,10.54726/jisti.37.1.4,0,https://doi.org/10.54726/jisti.37.1.4
mp-6396,Li3V2(PO4)3,BATTERY_RELATED,Interface-Controlled Rhombohedral Li3V2(PO4)3 Embedded in Carbon Nanofibers with Ultrafast Kinetics for Li-Ion Batteries,2020,,10.1021/acs.jpclett.0c01035.s001,0,https://doi.org/10.1021/acs.jpclett.0c01035.s001
mp-6396,Li3V2(PO4)3,DIRECT_CATHODE,Investigating the Structure of an Active MaterialCarbon Interface in the Monoclinic Li3V2(PO4)3/C Composite Cathode,2020,,10.1021/acsaem.9b00410.s001,0,https://doi.org/10.1021/acsaem.9b00410.s001
mp-6396,Li3V2(PO4)3,DIRECT_CATHODE,In Situ Generation of Protective Layer in Aqueous Zinc Batteries to Stabilize the Voltage of Li3V2(PO4)3 Cathode,2024,,10.1021/acssuschemeng.4c00559.s001,0,https://doi.org/10.1021/acssuschemeng.4c00559.s001
mp-6396,Li3V2(PO4)3,DIRECT_CATHODE,An Extremely Fast Charging Li3V2(PO4)3 Cathode at a 4.8 V Cutoff Voltage for Li-Ion Batteries,2020,,10.1021/acsenergylett.0c00702.s001,0,https://doi.org/10.1021/acsenergylett.0c00702.s001
mp-6396,Li3V2(PO4)3,DIRECT_CATHODE,Anthracite-Derived Dual-Phase Carbon-Coated Li3V2(PO4)3 as High-Performance Cathode Material for Lithium Ion Batteries,2020,,10.1021/acsami.7b14117.s001,0,https://doi.org/10.1021/acsami.7b14117.s001
mp-6396,Li3V2(PO4)3,BATTERY_RELATED,Preparation and Electrochemical Studies of Fe2+ and Cl Codoped Li3V2(PO4)3 with Superior Cyclic Stability and Rate Performance,2025,,10.1021/acsaem.5c01998.s001,0,https://doi.org/10.1021/acsaem.5c01998.s001
mp-6396,Li3V2(PO4)3,DIRECT_CATHODE,Highly Efficient Storage of Pulse Energy Produced by Triboelectric Nanogenerator in Li3V2(PO4)3/C Cathode Li-Ion Batteries,2020,,10.1021/acsami.5b10262.s001,0,https://doi.org/10.1021/acsami.5b10262.s001
mp-6396,Li3V2(PO4)3,DIRECT_CATHODE,Kinetics of conventional carbon coated-Li3V2(PO4)3 and nanocomposite Li3V2(PO4)3/graphene as cathode materials for lithium ion batteries,2012,Journal of Materials Chemistry,10.1039/c2jm31004j,118,https://doi.org/10.1039/c2jm31004j
mp-6396,Li3V2(PO4)3,DIRECT_CATHODE,Defects and dopant properties of Li3V2(PO4)3,2019,Scientific Reports,10.1038/s41598-018-36398-w,43,https://doi.org/10.1038/s41598-018-36398-w
mp-6396,Li3V2(PO4)3,CHEMISTRY_ONLY,High rate capability of Li3V2(PO4)3/C composites prepared via a TPP-assisted carbothermal method and its application in Li3V2(PO4)3||Li4Ti5O12,2014,Journal of Alloys and Compounds,10.1016/j.jallcom.2013.11.081,19,https://doi.org/10.1016/j.jallcom.2013.11.081
mp-6396,Li3V2(PO4)3,DIRECT_CATHODE,A Novel Composite Li3V2(PO4)3?Li2NaV2(PO4)3/C as Cathode Material for Li-Ion Batteries,2018,Australian Journal of Chemistry,10.1071/ch18122,3,https://doi.org/10.1071/ch18122
mp-6396,Li3V2(PO4)3,CHEMISTRY_ONLY,Three-dimensional carbon network supported Li3V2(PO4)3/C and Na3V2(PO4)3/C composites for lithium/sodium storage,2022,Applied Surface Science,10.1016/j.apsusc.2022.154285,18,https://doi.org/10.1016/j.apsusc.2022.154285
mp-6396,Li3V2(PO4)3,BATTERY_RELATED,A comparative structural and electrochemical study of monoclinic Li3Fe2(PO4)3 and Li3V2(PO4)3,2003,Journal of Power Sources,10.1016/s0378-7753(03)00150-2,209,https://doi.org/10.1016/s0378-7753(03)00150-2
mp-6396,Li3V2(PO4)3,DIRECT_CATHODE,Optimize performance of Li3V2(PO4)3/C cathode composite materials through Ti doping,2019,Ionics,10.1007/s11581-019-02917-6,5,https://doi.org/10.1007/s11581-019-02917-6
mp-6396,Li3V2(PO4)3,BATTERY_RELATED,Lithiation mechanisms of Li3V2(PO4)3,2026,Journal of Power Sources,10.1016/j.jpowsour.2026.239920,0,https://doi.org/10.1016/j.jpowsour.2026.239920
mp-6396,Li3V2(PO4)3,CHEMISTRY_ONLY,Vibrational spectroscopic studies of monoclinic and rhombohedral Li3V2(PO4)3,2007,Solid State Ionics,10.1016/j.ssi.2006.09.017,66,https://doi.org/10.1016/j.ssi.2006.09.017
mp-6396,Li3V2(PO4)3,BATTERY_RELATED,A comparative structural and electrochemical study of monoclinic Li3V2(PO4)3/C and rhombohedral Li2.5Na0.5V(2−2x/3)Nix(PO4)3/C,2013,Electrochimica Acta,10.1016/j.electacta.2013.04.066,26,https://doi.org/10.1016/j.electacta.2013.04.066
mp-6396,Li3V2(PO4)3,DIRECT_CATHODE,Advanced Electrolyte Coupled with Li3v2(Po4)3/C Cathode for Enhanced Low-Temperature Lithium-Ion Battery Performance,2024,,10.2139/ssrn.5004745,0,https://doi.org/10.2139/ssrn.5004745
mp-6396,Li3V2(PO4)3,DIRECT_CATHODE,Advanced Electrolyte Coupled with Li3v2(Po4)3/C Cathode for Enhanced Low-Temperature Lithium-Ion Battery Performance,2024,,10.2139/ssrn.5038617,0,https://doi.org/10.2139/ssrn.5038617
mp-6396,Li3V2(PO4)3,DIRECT_CATHODE,Enhanced electrochemical performance of lithium ion battery cathode Li3V2(PO4)3/C,2017,Ionics,10.1007/s11581-017-2128-4,9,https://doi.org/10.1007/s11581-017-2128-4
mp-6396,Li3V2(PO4)3,DIRECT_CATHODE,Surfactant-assisted solution combustion synthesis of Li3V2(PO4)3/C cathode material for lithium-ion battery,2025,Electrochemistry Communications,10.1016/j.elecom.2025.108062,2,https://doi.org/10.1016/j.elecom.2025.108062
mp-6396,Li3V2(PO4)3,DIRECT_CATHODE,Composites of LiMnPO4 with Li3V2(PO4)3 for cathode in lithium-ion battery,2013,Electrochimica Acta,10.1016/j.electacta.2013.03.201,39,https://doi.org/10.1016/j.electacta.2013.03.201
mp-6396,Li3V2(PO4)3,DIRECT_CATHODE,Novel multi-valent rechargeable ion battery: An organic nickel ion battery with Li3V2(PO4)3 cathode,2022,Chemical Engineering Journal,10.1016/j.cej.2022.135445,14,https://doi.org/10.1016/j.cej.2022.135445
mp-6396,Li3V2(PO4)3,DIRECT_CATHODE,Li3V2(PO4)3/graphene nanocomposite as a high performance cathode material for lithium ion battery,2015,Ceramics International,10.1016/j.ceramint.2014.08.082,24,https://doi.org/10.1016/j.ceramint.2014.08.082
mp-6396,Li3V2(PO4)3,DIRECT_CATHODE,Li3V2(PO4)3/C nanofibers composite as a high performance cathode material for lithium-ion battery,2013,Journal of Power Sources,10.1016/j.jpowsour.2013.01.164,78,https://doi.org/10.1016/j.jpowsour.2013.01.164
mp-6396,Li3V2(PO4)3,DIRECT_CATHODE,Synthesis and Electrochemical Characteristics of Li3V2(PO4)3/C as a Novel Li-ion Battery Cathode Material,2018,International Journal of Electrochemical Science,10.20964/2018.03.37,6,https://doi.org/10.20964/2018.03.37
mp-6396,Li3V2(PO4)3,DIRECT_CATHODE,Enhanced Capacity Retention of Li3V2(PO4)3-Cathode-Based Lithium Metal Battery Using SiO2-Scaffold-Confined Ionic Liquid as Hybrid Solid-State Electrolyte,2023,Molecules,10.3390/molecules28134896,3,https://doi.org/10.3390/molecules28134896
mp-6396,Li3V2(PO4)3,DIRECT_CATHODE,Facile synthesis of Li3V2(PO4)3/C cathode material for lithium-ion battery via freeze-drying,2019,Journal of Energy Chemistry,10.1016/j.jechem.2018.07.011,20,https://doi.org/10.1016/j.jechem.2018.07.011
mp-6396,Li3V2(PO4)3,DIRECT_CATHODE,Synthesis and electrochemical properties of a composite LiMn0.63Fe0.37PO4 with Li3V2(PO4)3 for lithium-ion battery cathode materials,2016,Ceramics International,10.1016/j.ceramint.2016.07.046,4,https://doi.org/10.1016/j.ceramint.2016.07.046
mp-6396,Li3V2(PO4)3,DIRECT_CATHODE,Effect of MgO nanolayer coated on Li3V2(PO4)3/C cathode material for lithium-ion battery,2010,Journal of Alloys and Compounds,10.1016/j.jallcom.2010.04.181,73,https://doi.org/10.1016/j.jallcom.2010.04.181
mp-6396,Li3V2(PO4)3,DIRECT_CATHODE,Influence of nano-fibrous and nano-particulate morphology on the rate capability of Li3V2(PO4)3/C Li-ion battery cathode,2023,Materials Research Bulletin,10.1016/j.materresbull.2023.112331,12,https://doi.org/10.1016/j.materresbull.2023.112331
mp-6396,Li3V2(PO4)3,DIRECT_CATHODE,Electrochemical Performance and Resistance Analysis of Li3V2(PO4)3/C Composite Cathode for Li Ion Battery,2014,Metallurgical and Materials Transactions E,10.1007/s40553-014-0030-9,0,https://doi.org/10.1007/s40553-014-0030-9
mp-6396,Li3V2(PO4)3,DIRECT_CATHODE,Novel Spherical Li3V2(PO4)3/C Cathode Material for Application in High–Power Lithium Ion Battery,2012,International Journal of Electrochemical Science,10.1016/s1452-3981(23)13350-5,16,https://doi.org/10.1016/s1452-3981(23)13350-5
mp-6396,Li3V2(PO4)3,BATTERY_RELATED,Electrochemical and thermal characterization of Li4Ti5O12||Li3V2(PO4)3 lithium ion battery,2019,Solid State Ionics,10.1016/j.ssi.2018.12.018,12,https://doi.org/10.1016/j.ssi.2018.12.018
mp-6396,Li3V2(PO4)3,DIRECT_CATHODE,Synthesis and Electrochemical Performance of Na-doped Li3V2(PO4)3/C Cathode Material for Lithium-ion Batteries,2025,"Journal of Chemical, Biological and physical sciences",10.24214/jcbps.c.16.1.02536,0,https://doi.org/10.24214/jcbps.c.16.1.02536
mp-6396,Li3V2(PO4)3,DIRECT_CATHODE,Electrochemical behavior of Li3V2(PO4)3/C composite cathode material for lithium-ion batteries,2008,Materials Letters,10.1016/j.matlet.2007.09.064,42,https://doi.org/10.1016/j.matlet.2007.09.064
mp-6396,Li3V2(PO4)3,DIRECT_CATHODE,Preparation and Electrochemical Properties of Li3V2(PO4)3−xBrx/Carbon Composites as Cathode Materials for Lithium-Ion Batteries,2017,Nanomaterials,10.3390/nano7030052,15,https://doi.org/10.3390/nano7030052
mp-6396,Li3V2(PO4)3,DIRECT_CATHODE,Sol–gel synthesis and electrochemical properties of 9LiFePO4·Li3V2(PO4)3/C composite cathode material for lithium ion batteries,2012,Electrochimica Acta,10.1016/j.electacta.2012.03.181,80,https://doi.org/10.1016/j.electacta.2012.03.181
mp-6396,Li3V2(PO4)3,DIRECT_CATHODE,Electrochemical behavior of Mg-doped 7LiFePO4–Li3V2(PO4)3 composite cathode material for lithium-ion batteries,2013,Ionics,10.1007/s11581-012-0841-6,5,https://doi.org/10.1007/s11581-012-0841-6
mp-6396,Li3V2(PO4)3,DIRECT_CATHODE,Synthesis and electrochemical performance of LiVOPO4–Li3V2(PO4)3 cathode materials for lithium ion batteries,2021,Ceramics International,10.1016/j.ceramint.2021.08.040,6,https://doi.org/10.1016/j.ceramint.2021.08.040
mp-6396,Li3V2(PO4)3,BATTERY_RELATED,Development and electrochemical performances of Li3V2(PO4)3 and Li4Ti5O12 materials for lithium-ion battery,2017,Ionics,10.1007/s11581-017-1984-2,6,https://doi.org/10.1007/s11581-017-1984-2
mp-6396,Li3V2(PO4)3,DIRECT_CATHODE,Study on structure and electrochemical performance of Tm3+-doped monoclinic Li3V2(PO4)3/C cathode material for lithium-ion batteries,2014,Electrochimica Acta,10.1016/j.electacta.2014.10.133,15,https://doi.org/10.1016/j.electacta.2014.10.133
mp-6396,Li3V2(PO4)3,DIRECT_CATHODE,Synthesis and electrochemical properties of W-doped Li3V2(PO4)3/C cathode materials for lithium ion batteries,2014,Ceramics International,10.1016/j.ceramint.2014.06.078,20,https://doi.org/10.1016/j.ceramint.2014.06.078
mp-6396,Li3V2(PO4)3,DIRECT_CATHODE,Synthesis and electrochemical properties of ordered macroporous Li3V2(PO4)3 cathode materials for lithium ion batteries,2013,Electrochimica Acta,10.1016/j.electacta.2013.08.086,20,https://doi.org/10.1016/j.electacta.2013.08.086
mp-6396,Li3V2(PO4)3,DIRECT_CATHODE,Rheological phase reaction synthesis and electrochemical performance of Li3V2(PO4)3/carbon cathode for lithium ion batteries,2008,Electrochimica Acta,10.1016/j.electacta.2007.09.038,79,https://doi.org/10.1016/j.electacta.2007.09.038
mp-6396,Li3V2(PO4)3,BATTERY_RELATED,Sheet-like Li3V2(PO4)3 nanocomposite coated by SiO2 + C with better electrochemical properties for lithium-ion batteries,2016,Journal of Nanoparticle Research,10.1007/s11051-015-3317-6,3,https://doi.org/10.1007/s11051-015-3317-6
mp-6396,Li3V2(PO4)3,DIRECT_CATHODE,Influence of Adipic Acid on Electrochemical Properties of Li3V2 (PO4)3 as Cathode Material for Rechargeable Lithium-Ion Batteries,2018,International Journal for Research in Applied Science and Engineering Technology,10.22214/ijraset.2018.3391,0,https://doi.org/10.22214/ijraset.2018.3391
mp-6396,Li3V2(PO4)3,DIRECT_CATHODE,Synthesis and electrochemical properties of Co-doped Li3V2(PO4)3 cathode materials for lithium-ion batteries,2010,Electrochimica Acta,10.1016/j.electacta.2009.10.028,175,https://doi.org/10.1016/j.electacta.2009.10.028
mp-6396,Li3V2(PO4)3,DIRECT_CATHODE,Synthesis and electrochemical properties of Ge-doped Li3V2(PO4)3/C cathode materials for lithium-ion batteries,2017,Journal of Alloys and Compounds,10.1016/j.jallcom.2017.01.267,20,https://doi.org/10.1016/j.jallcom.2017.01.267
mp-6396,Li3V2(PO4)3,BATTERY_RELATED,Synthesis and electrochemical properties of Li3V2 (PO4)3-V2O3/C as anode material for lithium-ion battery application,2019,Ionics,10.1007/s11581-019-03255-3,3,https://doi.org/10.1007/s11581-019-03255-3
mp-6396,Li3V2(PO4)3,BATTERY_RELATED,Li3V2(PO4)3/(SiO2+C) composite with better stability and electrochemical properties for lithium-ion batteries,2015,Solid State Ionics,10.1016/j.ssi.2015.01.011,14,https://doi.org/10.1016/j.ssi.2015.01.011
mp-780606,Li3Cr2(PO4)3,CHEMISTRY_ONLY,Ionic Conductivity of β-Fe2(SO4)3 Type Li3Cr2(PO4)3 Based Electrolyte,1993,Chemistry Letters,10.1246/cl.1993.2033,4,https://doi.org/10.1246/cl.1993.2033
mp-780606,Li3Cr2(PO4)3,DIRECT_CATHODE,Electrochemical oxidation of trivalent chromium in a phosphate matrix: Li3Cr2(PO4)3 as cathode material for lithium ion batteries,2014,Electrochimica Acta,10.1016/j.electacta.2014.06.170,33,https://doi.org/10.1016/j.electacta.2014.06.170
mp-26227,LiVP2O7,BATTERY_RELATED,LiVP2O7/C: A New Insertion Anode Material for High-Rate Lithium-Ion Battery Applications,2020,,10.1021/acs.inorgchem.5b02795.s001,0,https://doi.org/10.1021/acs.inorgchem.5b02795.s001
mp-26227,LiVP2O7,CHEMISTRY_ONLY,The crystal structure of LiVP2O7,1990,Journal of Solid State Chemistry,10.1016/0022-4596(90)90128-k,36,https://doi.org/10.1016/0022-4596(90)90128-k
mp-26227,LiVP2O7,DIRECT_CATHODE,Synthesis and electrochemical properties of LiVP2O7/C as novel cathode material for lithium ion batteries,2017,Ceramics International,10.1016/j.ceramint.2017.09.131,8,https://doi.org/10.1016/j.ceramint.2017.09.131
mp-26227,LiVP2O7,BATTERY_RELATED,Investigation of phase structure change and electrochemical performance in LiVP2O7-Li3V2(PO4)3-LiVPO4F system,2016,Electrochimica Acta,10.1016/j.electacta.2016.03.070,37,https://doi.org/10.1016/j.electacta.2016.03.070
mp-26227,LiVP2O7,DIRECT_CATHODE,Two-step Synthesis of LiVP2O7/C for Use as Cathode Material in Lithium-Ion Batteries,2018,International Journal of Electrochemical Science,10.20964/2018.05.45,2,https://doi.org/10.20964/2018.05.45
mp-26227,LiVP2O7,DIRECT_CATHODE,β-LiVP2O7 as a positive electrode material for Li-ion batteries,2021,Electrochimica Acta,10.1016/j.electacta.2021.138759,8,https://doi.org/10.1016/j.electacta.2021.138759
mp-26227,LiVP2O7,CHEMISTRY_ONLY,"Crystal structure of a new vanadium(IV) diphosphate: VP2O7, prepared by lithium extraction from LiVP2O7",2001,International Journal of Inorganic Materials,10.1016/s1466-6049(01)00092-7,32,https://doi.org/10.1016/s1466-6049(01)00092-7
